Pos,corr_resp,thisN,thisTrialN,thisRepN,key_resp.keys,key_resp.corr,key_resp.rt,key_resp.duration,key_resp_2.keys,key_resp_2.corr,key_resp_2.rt,key_resp_2.duration,trials.thisRepN,trials.thisTrialN,trials.thisN,trials.thisIndex,trials_2.thisRepN,trials_2.thisTrialN,trials_2.thisN,trials_2.thisIndex,thisRow.t,notes,Routine_1.started,Fixation.started,Fixation.stopped,Line1.started,Line2.started,Line3.started,Line4.started,Probe.started,key_resp.started,Routine_1.stopped,trials.key_resp.keys,trials.key_resp.corr,trials.key_resp.rt,trials.key_resp.duration,Routine_2.started,Fixation2.started,line1.started,line2.started,line3.started,line4.started,Fixation2.stopped,probe2.started,key_resp_2.started,Routine_2.stopped,trials_2.key_resp_2.keys,trials_2.key_resp_2.corr,trials_2.key_resp_2.rt,trials_2.key_resp_2.duration,participant,session,Age,date,expName,expVersion,psychopyVersion,frameRate,expStart,
-50,x,0,0,0,x,1,0.38655389996711165,None,,,,,0,0,0,0,,,,,0.009963100077584386,,0.005974299972876906,0.009963100077584386,1.0081118000671268,1.0081118000671268,1.0081118000671268,1.0081118000671268,1.0081118000671268,2.0084125000284985,2.0084125000284985,2.4086068000178784,x,1,0.38655389996711165,None,,,,,,,,,,,,,,,P005,001,,2025-10-03_21h45.06.202,MotorSequence,,2025.1.1,59.963650037788035,2025-10-03 21h45.13.769235 +0530,
150,v,1,1,0,v,1,0.26553420000709593,None,,,,,0,1,1,1,,,,,2.4263320000609383,,2.4088054000167176,2.4263320000609383,3.4249816000228748,3.409552500001155,3.409552500001155,3.409552500001155,3.409552500001155,4.408090500044636,4.408090500044636,4.675075100036338,v,1,0.26553420000709593,None,,,,,,,,,,,,,,,P005,001,,2025-10-03_21h45.06.202,MotorSequence,,2025.1.1,59.963650037788035,2025-10-03 21h45.13.769235 +0530,
50,c,2,2,0,c,1,0.2962296000914648,None,,,,,0,2,2,2,,,,,4.693303600070067,,4.675260600051843,4.693303600070067,5.691618600045331,5.676160800037906,5.676160800037906,5.676160800037906,5.676160800037906,6.675464999978431,6.675464999978431,6.975023300037719,c,1,0.2962296000914648,None,,,,,,,,,,,,,,,P005,001,,2025-10-03_21h45.06.202,MotorSequence,,2025.1.1,59.963650037788035,2025-10-03 21h45.13.769235 +0530,
-150,z,3,3,0,z,1,0.29246620007324964,None,,,,,0,3,3,3,,,,,6.993084599962458,,6.975322699989192,6.993084599962458,7.991321800043806,7.975953200017102,7.975953200017102,7.975953200017102,7.975953200017102,8.974860100075603,8.974860100075603,9.274911600048654,z,1,0.29246620007324964,None,,,,,,,,,,,,,,,P005,001,,2025-10-03_21h45.06.202,MotorSequence,,2025.1.1,59.963650037788035,2025-10-03 21h45.13.769235 +0530,
-50,x,4,0,1,x,1,0.3792125000618398,None,,,,,1,0,4,0,,,,,9.292924800072797,,9.275092100026086,9.292924800072797,10.291279400000349,10.276163800037466,10.276163800037466,10.276163800037466,10.276163800037466,11.275053999968804,11.275053999968804,11.65829459996894,x,1,0.3792125000618398,None,,,,,,,,,,,,,,,P005,001,,2025-10-03_21h45.06.202,MotorSequence,,2025.1.1,59.963650037788035,2025-10-03 21h45.13.769235 +0530,
150,v,5,1,1,v,1,0.21861579990945756,None,,,,,1,1,5,1,,,,,11.676028000074439,,11.658485700027086,11.676028000074439,12.674495200044475,12.659167399979196,12.659167399979196,12.659167399979196,12.659167399979196,13.658686900045723,13.658686900045723,13.891854000044987,v,1,0.21861579990945756,None,,,,,,,,,,,,,,,P005,001,,2025-10-03_21h45.06.202,MotorSequence,,2025.1.1,59.963650037788035,2025-10-03 21h45.13.769235 +0530,
50,c,6,2,1,c,1,0.3258858999470249,None,,,,,1,2,6,2,,,,,13.909278000006452,,13.892083000042476,13.909278000006452,14.907691600034013,14.892510500038043,14.892510500038043,14.892510500038043,14.892510500038043,15.89109940000344,15.89109940000344,16.224683000007644,c,1,0.3258858999470249,None,,,,,,,,,,,,,,,P005,001,,2025-10-03_21h45.06.202,MotorSequence,,2025.1.1,59.963650037788035,2025-10-03 21h45.13.769235 +0530,
-150,z,7,3,1,z,1,0.1949474000139162,None,,,,,1,3,7,3,,,,,16.242686700075865,,16.224861299968325,16.242686700075865,17.24110290000681,17.22584069997538,17.22584069997538,17.22584069997538,17.22584069997538,18.224412300041877,18.224412300041877,18.425656600040384,z,1,0.1949474000139162,None,,,,,,,,,,,,,,,P005,001,,2025-10-03_21h45.06.202,MotorSequence,,2025.1.1,59.963650037788035,2025-10-03 21h45.13.769235 +0530,
-50,x,8,0,2,x,1,0.2979850999545306,None,,,,,2,0,8,0,,,,,18.442763700033538,,18.42583870003,18.442763700033538,19.441108500002883,19.425848599988967,19.425848599988967,19.425848599988967,19.425848599988967,20.424967400031164,20.424967400031164,20.724730300018564,x,1,0.2979850999545306,None,,,,,,,,,,,,,,,P005,001,,2025-10-03_21h45.06.202,MotorSequence,,2025.1.1,59.963650037788035,2025-10-03 21h45.13.769235 +0530,
150,v,9,1,2,v,1,0.12214969994965941,None,,,,,2,1,9,1,,,,,20.742180400062352,,20.72490170004312,20.742180400062352,21.741130999987945,21.725715800072066,21.725715800072066,21.725715800072066,21.725715800072066,22.72429160005413,22.72429160005413,22.857984000002034,v,1,0.12214969994965941,None,,,,,,,,,,,,,,,P005,001,,2025-10-03_21h45.06.202,MotorSequence,,2025.1.1,59.963650037788035,2025-10-03 21h45.13.769235 +0530,
50,c,10,2,2,c,1,0.14533359999768436,None,,,,,2,2,10,2,,,,,22.876112599973567,,22.85818029998336,22.876112599973567,23.87476220005192,23.858936400036328,23.858936400036328,23.858936400036328,23.858936400036328,24.857523899991065,24.857523899991065,25.008572299964726,c,1,0.14533359999768436,None,,,,,,,,,,,,,,,P005,001,,2025-10-03_21h45.06.202,MotorSequence,,2025.1.1,59.963650037788035,2025-10-03 21h45.13.769235 +0530,
-150,z,11,3,2,z,1,0.0240168001037091,None,,,,,2,3,11,3,,,,,25.02535380003974,,25.008776500006206,25.02535380003974,26.024225100059994,26.008893699967302,26.008893699967302,26.008893699967302,26.008893699967302,27.007593899965286,27.007593899965286,27.04121010005474,z,1,0.0240168001037091,None,,,,,,,,,,,,,,,P005,001,,2025-10-03_21h45.06.202,MotorSequence,,2025.1.1,59.963650037788035,2025-10-03 21h45.13.769235 +0530,
-50,x,12,0,3,x,1,0.5404493999667466,None,,,,,3,0,12,0,,,,,27.058879800024442,,27.041392000042833,27.058879800024442,28.057450899970718,28.042163599980995,28.042163599980995,28.042163599980995,28.042163599980995,29.041653700056486,29.041653700056486,29.59132630005479,x,1,0.5404493999667466,None,,,,,,,,,,,,,,,P005,001,,2025-10-03_21h45.06.202,MotorSequence,,2025.1.1,59.963650037788035,2025-10-03 21h45.13.769235 +0530,
150,v,13,1,3,v,1,0.26080769998952746,None,,,,,3,1,13,1,,,,,29.609400000073947,,29.59149610006716,29.609400000073947,30.607379500055686,30.592262299964204,30.592262299964204,30.592262299964204,30.592262299964204,31.59071929997299,31.59071929997299,31.85782570007723,v,1,0.26080769998952746,None,,,,,,,,,,,,,,,P005,001,,2025-10-03_21h45.06.202,MotorSequence,,2025.1.1,59.963650037788035,2025-10-03 21h45.13.769235 +0530,
50,c,14,2,3,c,1,0.5017046000575647,None,,,,,3,2,14,2,,,,,31.875408999971114,,31.85800900007598,31.875408999971114,32.87470609997399,32.8588736000238,32.8588736000238,32.8588736000238,32.8588736000238,33.8576022000052,33.8576022000052,34.374961900059134,c,1,0.5017046000575647,None,,,,,,,,,,,,,,,P005,001,,2025-10-03_21h45.06.202,MotorSequence,,2025.1.1,59.963650037788035,2025-10-03 21h45.13.769235 +0530,
-150,z,15,3,3,z,1,0.03596709994599223,None,,,,,3,3,15,3,,,,,34.39263550005853,,34.3756524999626,34.39263550005853,35.390651899972,35.37678659998346,35.37678659998346,35.37678659998346,35.37678659998346,36.390782900038175,36.390782900038175,36.44101050007157,z,1,0.03596709994599223,None,,,,,,,,,,,,,,,P005,001,,2025-10-03_21h45.06.202,MotorSequence,,2025.1.1,59.963650037788035,2025-10-03 21h45.13.769235 +0530,
-50,x,16,0,4,x,1,0.3073877999559045,None,,,,,4,0,16,0,,,,,36.45944510004483,,36.44137130002491,36.45944510004483,37.457054600003175,37.443138399976306,37.443138399976306,37.443138399976306,37.443138399976306,38.440681500011124,38.440681500011124,38.75757470005192,x,1,0.3073877999559045,None,,,,,,,,,,,,,,,P005,001,,2025-10-03_21h45.06.202,MotorSequence,,2025.1.1,59.963650037788035,2025-10-03 21h45.13.769235 +0530,
150,v,17,1,4,v,1,0.1354191000573337,None,,,,,4,1,17,1,,,,,38.77687489998061,,38.75793640001211,38.77687489998061,39.79038879997097,39.75894369999878,39.75894369999878,39.75894369999878,39.75894369999878,40.75692249997519,40.75692249997519,40.90760759997647,v,1,0.1354191000573337,None,,,,,,,,,,,,,,,P005,001,,2025-10-03_21h45.06.202,MotorSequence,,2025.1.1,59.963650037788035,2025-10-03 21h45.13.769235 +0530,
50,c,18,2,4,c,1,0.3708025000523776,None,,,,,4,2,18,2,,,,,40.92602120002266,,40.908001900068484,40.92602120002266,41.92373629997019,41.90978830005042,41.90978830005042,41.90978830005042,41.90978830005042,42.90715059998911,42.90715059998911,43.290748800034635,c,1,0.3708025000523776,None,,,,,,,,,,,,,,,P005,001,,2025-10-03_21h45.06.202,MotorSequence,,2025.1.1,59.963650037788035,2025-10-03 21h45.13.769235 +0530,
-150,z,19,3,4,z,1,0.2905039000324905,None,,,,,4,3,19,3,,,,,43.30965329997707,,43.29109499999322,43.30965329997707,44.30700350005645,44.292868299991824,44.292868299991824,44.292868299991824,44.292868299991824,45.29034910001792,45.29034910001792,45.59082420007326,z,1,0.2905039000324905,None,,,,,,,,,,,,,,,P005,001,,2025-10-03_21h45.06.202,MotorSequence,,2025.1.1,59.963650037788035,2025-10-03 21h45.13.769235 +0530,
-50,x,20,0,5,x,1,0.4310006001032889,None,,,,,5,0,20,0,,,,,45.609201300074346,,45.591353000025265,45.609201300074346,46.606974599999376,46.592806700035,46.592806700035,46.592806700035,46.592806700035,47.59012499998789,47.59012499998789,48.02433360007126,x,1,0.4310006001032889,None,,,,,,,,,,,,,,,P005,001,,2025-10-03_21h45.06.202,MotorSequence,,2025.1.1,59.963650037788035,2025-10-03 21h45.13.769235 +0530,
150,v,21,1,5,v,1,0.2886925999773666,None,,,,,5,1,21,1,,,,,48.04257000004873,,48.02472490002401,48.04257000004873,49.040615100064315,49.026225200039335,49.026225200039335,49.026225200039335,49.026225200039335,50.023548100027256,50.023548100027256,50.32455540006049,v,1,0.2886925999773666,None,,,,,,,,,,,,,,,P005,001,,2025-10-03_21h45.06.202,MotorSequence,,2025.1.1,59.963650037788035,2025-10-03 21h45.13.769235 +0530,
50,c,22,2,5,c,1,0.39795140002388507,None,,,,,5,2,22,2,,,,,50.34256690007169,,50.32494309998583,50.34256690007169,51.34071160003077,51.32620130002033,51.32620130002033,51.32620130002033,51.32620130002033,52.32421109999996,52.32421109999996,52.72463100007735,c,1,0.39795140002388507,None,,,,,,,,,,,,,,,P005,001,,2025-10-03_21h45.06.202,MotorSequence,,2025.1.1,59.963650037788035,2025-10-03 21h45.13.769235 +0530,
-150,z,23,3,5,z,1,0.3465450999792665,None,,,,,5,3,23,3,,,,,52.742693900014274,,52.725454200059175,52.742693900014274,53.74079559999518,53.72575280000456,53.72575280000456,53.72575280000456,53.72575280000456,54.72383490006905,54.72383490006905,55.07487840007525,z,1,0.3465450999792665,None,,,,,,,,,,,,,,,P005,001,,2025-10-03_21h45.06.202,MotorSequence,,2025.1.1,59.963650037788035,2025-10-03 21h45.13.769235 +0530,
-50,x,24,0,6,x,1,0.3362329000374302,None,,,,,6,0,24,0,,,,,55.09224979998544,,55.07557270000689,55.09224979998544,56.09039749996737,56.07554520003032,56.07554520003032,56.07554520003032,56.07554520003032,57.07399309996981,57.07399309996981,57.42448699998204,x,1,0.3362329000374302,None,,,,,,,,,,,,,,,P005,001,,2025-10-03_21h45.06.202,MotorSequence,,2025.1.1,59.963650037788035,2025-10-03 21h45.13.769235 +0530,
150,v,25,1,6,v,1,0.18487029999960214,None,,,,,6,1,25,1,,,,,57.442352700047195,,57.425265999976546,57.442352700047195,58.44074480002746,58.42628600005992,58.42628600005992,58.42628600005992,58.42628600005992,59.440241100033745,59.440241100033745,59.64109290007036,v,1,0.18487029999960214,None,,,,,,,,,,,,,,,P005,001,,2025-10-03_21h45.06.202,MotorSequence,,2025.1.1,59.963650037788035,2025-10-03 21h45.13.769235 +0530,
50,c,26,2,6,c,1,0.3673759999219328,None,,,,,6,2,26,2,,,,,59.65913050004747,,59.64151480002329,59.65913050004747,60.65737390005961,60.64229210000485,60.64229210000485,60.64229210000485,60.64229210000485,61.64024320000317,61.64024320000317,62.024751299992204,c,1,0.3673759999219328,None,,,,,,,,,,,,,,,P005,001,,2025-10-03_21h45.06.202,MotorSequence,,2025.1.1,59.963650037788035,2025-10-03 21h45.13.769235 +0530,
-150,z,27,3,6,z,1,0.37524629989638925,None,,,,,6,3,27,3,,,,,62.042332599987276,,62.025343999965116,62.042332599987276,63.04058030003216,63.0257579999743,63.0257579999743,63.0257579999743,63.0257579999743,64.04068590002134,64.04068590002134,64.42439210007433,z,1,0.37524629989638925,None,,,,,,,,,,,,,,,P005,001,,2025-10-03_21h45.06.202,MotorSequence,,2025.1.1,59.963650037788035,2025-10-03 21h45.13.769235 +0530,
-50,x,28,0,7,x,1,0.8850320000201464,None,,,,,7,0,28,0,,,,,64.44238730007783,,64.42498320003506,64.44238730007783,65.44064519996755,65.42576500005089,65.42576500005089,65.42576500005089,65.42576500005089,66.4237500000745,66.4237500000745,67.32480210007634,x,1,0.8850320000201464,None,,,,,,,,,,,,,,,P005,001,,2025-10-03_21h45.06.202,MotorSequence,,2025.1.1,59.963650037788035,2025-10-03 21h45.13.769235 +0530,
150,v,29,1,7,v,1,0.273781800060533,None,,,,,7,1,29,1,,,,,67.34233210003003,,67.32558890001383,67.34233210003003,68.3405365999788,68.3252644999884,68.3252644999884,68.3252644999884,68.3252644999884,69.34010520006996,69.34010520006996,69.62466279999353,v,1,0.273781800060533,None,,,,,,,,,,,,,,,P005,001,,2025-10-03_21h45.06.202,MotorSequence,,2025.1.1,59.963650037788035,2025-10-03 21h45.13.769235 +0530,
50,c,30,2,7,c,1,0.2942155000055209,None,,,,,7,2,30,2,,,,,69.64238920004573,,69.6253071000101,69.64238920004573,70.6403465999756,70.62531440006569,70.62531440006569,70.62531440006569,70.62531440006569,71.64022140007,71.64022140007,71.9411721000215,c,1,0.2942155000055209,None,,,,,,,,,,,,,,,P005,001,,2025-10-03_21h45.06.202,MotorSequence,,2025.1.1,59.963650037788035,2025-10-03 21h45.13.769235 +0530,
-150,z,31,3,7,z,1,0.28242479998152703,None,,,,,7,3,31,3,,,,,71.9587196999928,,71.9417884000577,71.9587196999928,72.95687029999681,72.9421514000278,72.9421514000278,72.9421514000278,72.9421514000278,73.95671649998985,73.95671649998985,74.24054630007595,z,1,0.28242479998152703,None,,,,,,,,,,,,,,,P005,001,,2025-10-03_21h45.06.202,MotorSequence,,2025.1.1,59.963650037788035,2025-10-03 21h45.13.769235 +0530,
-50,x,32,0,8,x,1,0.39049170003272593,None,,,,,8,0,32,0,,,,,74.25874139997177,,74.24137200007681,74.25874139997177,75.25633970007766,75.24166240007617,75.24166240007617,75.24166240007617,75.24166240007617,76.23985290003475,76.23985290003475,76.64089979999699,x,1,0.39049170003272593,None,,,,,,,,,,,,,,,P005,001,,2025-10-03_21h45.06.202,MotorSequence,,2025.1.1,59.963650037788035,2025-10-03 21h45.13.769235 +0530,
150,v,33,1,8,v,1,0.9680263999616727,None,,,,,8,1,33,1,,,,,76.65871260000858,,76.64155729999766,76.65871260000858,77.65646710002329,77.64187250006944,77.64187250006944,77.64187250006944,77.64187250006944,78.65691100002732,78.65691100002732,79.64087540004402,v,1,0.9680263999616727,None,,,,,,,,,,,,,,,P005,001,,2025-10-03_21h45.06.202,MotorSequence,,2025.1.1,59.963650037788035,2025-10-03 21h45.13.769235 +0530,
50,c,34,2,8,c,1,0.2852171000558883,None,,,,,8,2,34,2,,,,,79.65867819997948,,79.64146630000323,79.65867819997948,80.65669800003525,80.64189239998814,80.64189239998814,80.64189239998814,80.64189239998814,81.65679220005404,81.65679220005404,81.95747250004206,c,1,0.2852171000558883,None,,,,,,,,,,,,,,,P005,001,,2025-10-03_21h45.06.202,MotorSequence,,2025.1.1,59.963650037788035,2025-10-03 21h45.13.769235 +0530,
-150,z,35,3,8,z,1,0.269338299985975,None,,,,,8,3,35,3,,,,,81.97529049997684,,81.95814180001616,81.97529049997684,82.97334030002821,82.9583659999771,82.9583659999771,82.9583659999771,82.9583659999771,83.95677519997116,83.95677519997116,84.24089430004824,z,1,0.269338299985975,None,,,,,,,,,,,,,,,P005,001,,2025-10-03_21h45.06.202,MotorSequence,,2025.1.1,59.963650037788035,2025-10-03 21h45.13.769235 +0530,
-50,x,36,0,9,x,1,0.5675835999427363,None,,,,,9,0,36,0,,,,,84.25847980007529,,84.24151449999772,84.25847980007529,85.25663910002913,85.24150280002505,85.24150280002505,85.24150280002505,85.24150280002505,86.25636140001006,86.25636140001006,86.84086670004763,x,1,0.5675835999427363,None,,,,,,,,,,,,,,,P005,001,,2025-10-03_21h45.06.202,MotorSequence,,2025.1.1,59.963650037788035,2025-10-03 21h45.13.769235 +0530,
150,v,37,1,9,v,1,0.29557370010297745,None,,,,,9,1,37,1,,,,,86.8584146000212,,86.8414960000664,86.8584146000212,87.85653760004789,87.84180689998902,87.84180689998902,87.84180689998902,87.84180689998902,88.85641030000988,88.85641030000988,89.15724830003455,v,1,0.29557370010297745,None,,,,,,,,,,,,,,,P005,001,,2025-10-03_21h45.06.202,MotorSequence,,2025.1.1,59.963650037788035,2025-10-03 21h45.13.769235 +0530,
50,c,38,2,9,c,1,0.33162200008518994,None,,,,,9,2,38,2,,,,,89.17500589997508,,89.15788010007236,89.17500589997508,90.17294129997026,90.15748100006022,90.15748100006022,90.15748100006022,90.15748100006022,91.15647549997084,91.15647549997084,91.4903397000162,c,1,0.33162200008518994,None,,,,,,,,,,,,,,,P005,001,,2025-10-03_21h45.06.202,MotorSequence,,2025.1.1,59.963650037788035,2025-10-03 21h45.13.769235 +0530,
-150,z,39,3,9,z,1,0.44180689996574074,None,,,,,9,3,39,3,,,,,91.50846160005312,,91.49092450004537,91.50846160005312,92.50632579997182,92.49135300004855,92.49135300004855,92.49135300004855,92.49135300004855,93.48984120006207,93.48984120006207,93.9404355000006,z,1,0.44180689996574074,None,,,,,,,,,,,,,,,P005,001,,2025-10-03_21h45.06.202,MotorSequence,,2025.1.1,59.963650037788035,2025-10-03 21h45.13.769235 +0530,
-50,x,40,0,10,x,1,0.39006569993216544,None,,,,,10,0,40,0,,,,,93.9584457000019,,93.94108070002403,93.9584457000019,94.95631510007661,94.94184950005729,94.94184950005729,94.94184950005729,94.94184950005729,95.95605280005839,95.95605280005839,96.3574211000232,x,1,0.39006569993216544,None,,,,,,,,,,,,,,,P005,001,,2025-10-03_21h45.06.202,MotorSequence,,2025.1.1,59.963650037788035,2025-10-03 21h45.13.769235 +0530,
150,v,41,1,10,v,1,0.026484400033950806,None,,,,,10,1,41,1,,,,,96.3747836999828,,96.35807129996829,96.3747836999828,97.37301009998191,97.35823080001865,97.35823080001865,97.35823080001865,97.35823080001865,98.37289110000711,98.37289110000711,98.40696300007403,v,1,0.026484400033950806,None,,,,,,,,,,,,,,,P005,001,,2025-10-03_21h45.06.202,MotorSequence,,2025.1.1,59.963650037788035,2025-10-03 21h45.13.769235 +0530,
50,c,42,2,10,c,1,0.34476060001179576,None,,,,,10,2,42,2,,,,,98.42434590007178,,98.40761019999627,98.42434590007178,99.42248379997909,99.4085783000337,99.4085783000337,99.4085783000337,99.4085783000337,100.40623049996793,100.40623049996793,100.75622530002147,c,1,0.34476060001179576,None,,,,,,,,,,,,,,,P005,001,,2025-10-03_21h45.06.202,MotorSequence,,2025.1.1,59.963650037788035,2025-10-03 21h45.13.769235 +0530,
-150,z,43,3,10,z,1,0.46736439992673695,None,,,,,10,3,43,3,,,,,100.77429039997514,,100.75678489997517,100.77429039997514,101.77210850000847,101.75768010003958,101.75768010003958,101.75768010003958,101.75768010003958,102.75570139999036,102.75570139999036,103.23932569997851,z,1,0.46736439992673695,None,,,,,,,,,,,,,,,P005,001,,2025-10-03_21h45.06.202,MotorSequence,,2025.1.1,59.963650037788035,2025-10-03 21h45.13.769235 +0530,
-50,x,44,0,11,x,1,0.4572630999609828,None,,,,,11,0,44,0,,,,,103.2575724000344,,103.23966650001239,103.2575724000344,104.25556199997663,104.2411005999893,104.2411005999893,104.2411005999893,104.2411005999893,105.23928360000718,105.23928360000718,105.706907600048,x,1,0.4572630999609828,None,,,,,,,,,,,,,,,P005,001,,2025-10-03_21h45.06.202,MotorSequence,,2025.1.1,59.963650037788035,2025-10-03 21h45.13.769235 +0530,
150,v,45,1,11,v,1,0.2992392999585718,None,,,,,11,1,45,1,,,,,105.72437189996708,,105.70757099997718,105.72437189996708,106.72235739999451,106.7074253000319,106.7074253000319,106.7074253000319,106.7074253000319,107.70587439998053,107.70587439998053,108.0067494000541,v,1,0.2992392999585718,None,,,,,,,,,,,,,,,P005,001,,2025-10-03_21h45.06.202,MotorSequence,,2025.1.1,59.963650037788035,2025-10-03 21h45.13.769235 +0530,
50,c,46,2,11,c,1,0.18459570000413805,None,,,,,11,2,46,2,,,,,108.02443740004674,,108.00732660002541,108.02443740004674,109.02261079999153,109.00778069999069,109.00778069999069,109.00778069999069,109.00778069999069,110.00589210004546,110.00589210004546,110.20691579999402,c,1,0.18459570000413805,None,,,,,,,,,,,,,,,P005,001,,2025-10-03_21h45.06.202,MotorSequence,,2025.1.1,59.963650037788035,2025-10-03 21h45.13.769235 +0530,
-150,z,47,3,11,z,1,0.2875309999799356,None,,,,,11,3,47,3,,,,,110.22472210007254,,110.20765930006746,110.22472210007254,111.2223621000303,111.20778509997763,111.20778509997763,111.20778509997763,111.20778509997763,112.22245980007574,112.22245980007574,112.52313950005919,z,1,0.2875309999799356,None,,,,,,,,,,,,,,,P005,001,,2025-10-03_21h45.06.202,MotorSequence,,2025.1.1,59.963650037788035,2025-10-03 21h45.13.769235 +0530,
-50,x,48,0,12,x,1,0.3785957000218332,None,,,,,12,0,48,0,,,,,112.54086100007407,,112.52426380000543,112.54086100007407,113.5389034000691,113.52440480003133,113.52440480003133,113.52440480003133,113.52440480003133,114.53885870007798,114.53885870007798,114.92323469999246,x,1,0.3785957000218332,None,,,,,,,,,,,,,,,P005,001,,2025-10-03_21h45.06.202,MotorSequence,,2025.1.1,59.963650037788035,2025-10-03 21h45.13.769235 +0530,
150,v,49,1,12,v,1,0.20876479998696595,None,,,,,12,1,49,1,,,,,114.94094540004153,,114.92388999997638,114.94094540004153,115.93917610007338,115.92421109997667,115.92421109997667,115.92421109997667,115.92421109997667,116.92206939996686,116.92206939996686,117.1399994000094,v,1,0.20876479998696595,None,,,,,,,,,,,,,,,P005,001,,2025-10-03_21h45.06.202,MotorSequence,,2025.1.1,59.963650037788035,2025-10-03 21h45.13.769235 +0530,
50,c,50,2,12,c,1,0.520282999961637,None,,,,,12,2,50,2,,,,,117.15752670005895,,117.14061730005778,117.15752670005895,118.15586589998566,118.14090930006932,118.14090930006932,118.14090930006932,118.14090930006932,119.15566370007582,119.15566370007582,119.68987820006441,c,1,0.520282999961637,None,,,,,,,,,,,,,,,P005,001,,2025-10-03_21h45.06.202,MotorSequence,,2025.1.1,59.963650037788035,2025-10-03 21h45.13.769235 +0530,
-150,z,51,3,12,z,1,0.23905329999979585,None,,,,,12,3,51,3,,,,,119.70774650003295,,119.69071070000064,119.70774650003295,120.70570569997653,120.69101980002597,120.69101980002597,120.69101980002597,120.69101980002597,121.70571760006715,121.70571760006715,121.95639319997281,z,1,0.23905329999979585,None,,,,,,,,,,,,,,,P005,001,,2025-10-03_21h45.06.202,MotorSequence,,2025.1.1,59.963650037788035,2025-10-03 21h45.13.769235 +0530,
-50,x,52,0,13,x,1,0.4808463000226766,None,,,,,13,0,52,0,,,,,121.97394559998065,,121.95713070000056,121.97394559998065,122.97228820004966,122.95729779999238,122.95729779999238,122.95729779999238,122.95729779999238,123.95533290004823,123.95533290004823,124.43951080006082,x,1,0.4808463000226766,None,,,,,,,,,,,,,,,P005,001,,2025-10-03_21h45.06.202,MotorSequence,,2025.1.1,59.963650037788035,2025-10-03 21h45.13.769235 +0530,
150,v,53,1,13,v,1,0.22152160003315657,None,,,,,13,1,53,1,,,,,124.45742210000753,,124.4401393000735,124.45742210000753,125.45546279998962,125.44080540002324,125.44080540002324,125.44080540002324,125.44080540002324,126.45552489999682,126.45552489999682,126.68948180007283,v,1,0.22152160003315657,None,,,,,,,,,,,,,,,P005,001,,2025-10-03_21h45.06.202,MotorSequence,,2025.1.1,59.963650037788035,2025-10-03 21h45.13.769235 +0530,
50,c,54,2,13,c,1,0.5319777000695467,None,,,,,13,2,54,2,,,,,126.70722300000489,,126.69025210000109,126.70722300000489,127.70545650005806,127.69061829999555,127.69061829999555,127.69061829999555,127.69061829999555,128.7053254999919,128.7053254999919,129.23942400002852,c,1,0.5319777000695467,None,,,,,,,,,,,,,,,P005,001,,2025-10-03_21h45.06.202,MotorSequence,,2025.1.1,59.963650037788035,2025-10-03 21h45.13.769235 +0530,
-150,z,55,3,13,z,1,0.4750588999595493,None,,,,,13,3,55,3,,,,,129.25726980005857,,129.2400101000676,129.25726980005857,130.2553075000178,130.24061249999795,130.24061249999795,130.24061249999795,130.24061249999795,131.23895759996958,131.23895759996958,131.7220741000492,z,1,0.4750588999595493,None,,,,,,,,,,,,,,,P005,001,,2025-10-03_21h45.06.202,MotorSequence,,2025.1.1,59.963650037788035,2025-10-03 21h45.13.769235 +0530,
-50,x,56,0,14,x,1,1.40667149994988,None,,,,,14,0,56,0,,,,,131.74048160004895,,131.72244430007413,131.74048160004895,132.73880459996872,132.72398150002118,132.72398150002118,132.72398150002118,132.72398150002118,133.72142020007595,133.72142020007595,135.16147920000367,x,1,1.40667149994988,None,,,,,,,,,,,,,,,P005,001,,2025-10-03_21h45.06.202,MotorSequence,,2025.1.1,59.963650037788035,2025-10-03 21h45.13.769235 +0530,
150,v,57,1,14,v,1,1.7070825999835506,None,,,,,14,1,57,1,,,,,135.22322280006483,,135.16204750002362,135.22322280006483,136.22163370007183,136.17399699997623,136.17399699997623,136.17399699997623,136.17399699997623,137.17180090001784,137.17180090001784,138.88944070006255,v,1,1.7070825999835506,None,,,,,,,,,,,,,,,P005,001,,2025-10-03_21h45.06.202,MotorSequence,,2025.1.1,59.963650037788035,2025-10-03 21h45.13.769235 +0530,
50,c,58,2,14,c,1,0.5017967000603676,None,,,,,14,2,58,2,,,,,138.90681459999178,,138.89005649997853,138.90681459999178,139.90494100004435,139.8905083000427,139.8905083000427,139.8905083000427,139.8905083000427,140.9049129000632,140.9049129000632,141.42265960003715,c,1,0.5017967000603676,None,,,,,,,,,,,,,,,P005,001,,2025-10-03_21h45.06.202,MotorSequence,,2025.1.1,59.963650037788035,2025-10-03 21h45.13.769235 +0530,
-150,z,59,3,14,z,1,0.19609889993444085,None,,,,,14,3,59,3,,,,,141.44014850002714,,141.42333490005694,141.44014850002714,142.43839640007354,142.42361499997787,142.42361499997787,142.42361499997787,142.42361499997787,143.43820900004357,143.43820900004357,143.63983610004652,z,1,0.19609889993444085,None,,,,,,,,,,,,,,,P005,001,,2025-10-03_21h45.06.202,MotorSequence,,2025.1.1,59.963650037788035,2025-10-03 21h45.13.769235 +0530,
-50,x,60,0,15,x,1,0.21686939999926835,None,,,,,15,0,60,0,,,,,143.6567108000163,,143.64041680004448,143.6567108000163,144.6549287000671,144.64028609998059,144.64028609998059,144.64028609998059,144.64028609998059,145.65501350001432,145.65501350001432,145.88907560007647,x,1,0.21686939999926835,None,,,,,,,,,,,,,,,P005,001,,2025-10-03_21h45.06.202,MotorSequence,,2025.1.1,59.963650037788035,2025-10-03 21h45.13.769235 +0530,
150,v,61,1,15,v,1,0.3509519000072032,None,,,,,15,1,61,1,,,,,145.9070826000534,,145.88980100001208,145.9070826000534,146.90500260004774,146.89016199996695,146.89016199996695,146.89016199996695,146.89016199996695,147.90481570002157,147.90481570002157,148.27245080005378,v,1,0.3509519000072032,None,,,,,,,,,,,,,,,P005,001,,2025-10-03_21h45.06.202,MotorSequence,,2025.1.1,59.963650037788035,2025-10-03 21h45.13.769235 +0530,
50,c,62,2,15,c,1,0.5010829000966623,None,,,,,15,2,62,2,,,,,148.29007840005215,,148.2730256000068,148.29007840005215,149.28810870007146,149.27319149998948,149.27319149998948,149.27319149998948,149.27319149998948,150.28817910002545,150.28817910002545,150.80575950001366,c,1,0.5010829000966623,None,,,,,,,,,,,,,,,P005,001,,2025-10-03_21h45.06.202,MotorSequence,,2025.1.1,59.963650037788035,2025-10-03 21h45.13.769235 +0530,
-150,z,63,3,15,z,1,0.3080661999993026,None,,,,,15,3,63,3,,,,,150.8235743000405,,150.80648320005275,150.8235743000405,151.82144109997898,151.80665479996242,151.80665479996242,151.80665479996242,151.80665479996242,152.8212896999903,152.8212896999903,153.13899230002426,z,1,0.3080661999993026,None,,,,,,,,,,,,,,,P005,001,,2025-10-03_21h45.06.202,MotorSequence,,2025.1.1,59.963650037788035,2025-10-03 21h45.13.769235 +0530,
-50,x,64,0,16,x,1,0.3853751999558881,None,,,,,16,0,64,0,,,,,153.15649289998692,,153.13957400002982,153.15649289998692,154.15448250004556,154.1397622000659,154.1397622000659,154.1397622000659,154.1397622000659,155.1545208999887,155.1545208999887,155.55538020003587,x,1,0.3853751999558881,None,,,,,,,,,,,,,,,P005,001,,2025-10-03_21h45.06.202,MotorSequence,,2025.1.1,59.963650037788035,2025-10-03 21h45.13.769235 +0530,
150,v,65,1,16,v,1,0.2909155000234023,None,,,,,16,1,65,1,,,,,155.57331000000704,,155.55629640002735,155.57331000000704,156.5712307000067,156.55638279998675,156.55638279998675,156.55638279998675,156.55638279998675,157.57078329997603,157.57078329997603,157.8721666999627,v,1,0.2909155000234023,None,,,,,,,,,,,,,,,P005,001,,2025-10-03_21h45.06.202,MotorSequence,,2025.1.1,59.963650037788035,2025-10-03 21h45.13.769235 +0530,
50,c,66,2,16,c,1,0.6912809000350535,None,,,,,16,2,66,2,,,,,157.88951520004775,,157.873285699985,157.88951520004775,158.88775140000507,158.87337849999312,158.87337849999312,158.87337849999312,158.87337849999312,159.88803460006602,159.88803460006602,160.58839330007322,c,1,0.6912809000350535,None,,,,,,,,,,,,,,,P005,001,,2025-10-03_21h45.06.202,MotorSequence,,2025.1.1,59.963650037788035,2025-10-03 21h45.13.769235 +0530,
-150,z,67,3,16,z,1,0.2780892999144271,None,,,,,16,3,67,3,,,,,160.60609810007736,,160.58903000003193,160.60609810007736,161.60398730007,161.58945009997115,161.58945009997115,161.58945009997115,161.58945009997115,162.60386220004875,162.60386220004875,162.8878944000462,z,1,0.2780892999144271,None,,,,,,,,,,,,,,,P005,001,,2025-10-03_21h45.06.202,MotorSequence,,2025.1.1,59.963650037788035,2025-10-03 21h45.13.769235 +0530,
-50,x,68,0,17,x,1,0.2763435000088066,None,,,,,17,0,68,0,,,,,162.9060033999849,,162.88839560002089,162.9060033999849,163.90427739999723,163.88986210001167,163.88986210001167,163.88986210001167,163.88986210001167,164.88777729996946,164.88777729996946,165.17190409998875,x,1,0.2763435000088066,None,,,,,,,,,,,,,,,P005,001,,2025-10-03_21h45.06.202,MotorSequence,,2025.1.1,59.963650037788035,2025-10-03 21h45.13.769235 +0530,
150,v,69,1,17,v,1,0.8253737000050023,None,,,,,17,1,69,1,,,,,165.18962790002115,,165.17247480002698,165.18962790002115,166.18761789996643,166.1733130000066,166.1733130000066,166.1733130000066,166.1733130000066,167.18761989998166,167.18761989998166,168.02194200002123,v,1,0.8253737000050023,None,,,,,,,,,,,,,,,P005,001,,2025-10-03_21h45.06.202,MotorSequence,,2025.1.1,59.963650037788035,2025-10-03 21h45.13.769235 +0530,
50,c,70,2,17,x,0,0.29724629991687834,None,,,,,17,2,70,2,,,,,168.03972220001742,,168.0224881999893,168.03972220001742,169.03750920004677,169.02232850005385,169.02232850005385,169.02232850005385,169.02232850005385,170.0375689000357,170.0375689000357,170.33854060003068,x,0,0.29724629991687834,None,,,,,,,,,,,,,,,P005,001,,2025-10-03_21h45.06.202,MotorSequence,,2025.1.1,59.963650037788035,2025-10-03 21h45.13.769235 +0530,
-150,z,71,3,17,z,1,-0.0003299999516457319,None,,,,,17,3,71,3,,,,,170.35623470006976,,170.33917509997264,170.35623470006976,171.35436120000668,171.33949340006802,171.33949340006802,171.33949340006802,171.33949340006802,172.3541337000206,172.3541337000206,172.37185170000885,z,1,-0.0003299999516457319,None,,,,,,,,,,,,,,,P005,001,,2025-10-03_21h45.06.202,MotorSequence,,2025.1.1,59.963650037788035,2025-10-03 21h45.13.769235 +0530,
-50,x,72,0,18,x,1,1.054695799946785,None,,,,,18,0,72,0,,,,,172.38937830005307,,172.37250160006806,172.38937830005307,173.38751450006384,173.3724932000041,173.3724932000041,173.3724932000041,173.3724932000041,174.38742959999945,174.38742959999945,175.45511780004017,x,1,1.054695799946785,None,,,,,,,,,,,,,,,P005,001,,2025-10-03_21h45.06.202,MotorSequence,,2025.1.1,59.963650037788035,2025-10-03 21h45.13.769235 +0530,
150,v,73,1,18,v,1,0.24407750007230788,None,,,,,18,1,73,1,,,,,175.47274870006368,,175.45571840007324,175.47274870006368,176.47126220003702,176.45565879996866,176.45565879996866,176.45565879996866,176.45565879996866,177.4539024999831,177.4539024999831,177.70461690006778,v,1,0.24407750007230788,None,,,,,,,,,,,,,,,P005,001,,2025-10-03_21h45.06.202,MotorSequence,,2025.1.1,59.963650037788035,2025-10-03 21h45.13.769235 +0530,
50,c,74,2,18,c,1,0.42948980000801384,None,,,,,18,2,74,2,,,,,177.72322479996365,,177.70522730005905,177.72322479996365,178.72047900001053,178.70590770000126,178.70590770000126,178.70590770000126,178.70590770000126,179.70378159999382,179.70378159999382,180.13818720006384,c,1,0.42948980000801384,None,,,,,,,,,,,,,,,P005,001,,2025-10-03_21h45.06.202,MotorSequence,,2025.1.1,59.963650037788035,2025-10-03 21h45.13.769235 +0530,
-150,z,75,3,18,z,1,0.8235454999376088,None,,,,,18,3,75,3,,,,,180.1559181000339,,180.13875579996966,180.1559181000339,181.1537223000778,181.13913899997715,181.13913899997715,181.13913899997715,181.13913899997715,182.13738880003802,182.13738880003802,182.97123440005817,z,1,0.8235454999376088,None,,,,,,,,,,,,,,,P005,001,,2025-10-03_21h45.06.202,MotorSequence,,2025.1.1,59.963650037788035,2025-10-03 21h45.13.769235 +0530,
-50,x,76,0,19,x,1,1.3020131000084803,None,,,,,19,0,76,0,,,,,182.98899019998498,,182.97179980005603,182.98899019998498,183.98736560007092,183.97232190007344,183.97232190007344,183.97232190007344,183.97232190007344,184.97085390007123,184.97085390007123,186.28803180006798,x,1,1.3020131000084803,None,,,,,,,,,,,,,,,P005,001,,2025-10-03_21h45.06.202,MotorSequence,,2025.1.1,59.963650037788035,2025-10-03 21h45.13.769235 +0530,
150,v,77,1,19,v,1,0.9000603999011219,None,,,,,19,1,77,1,,,,,186.30536750005558,,186.2886298999656,186.30536750005558,187.3038989000488,187.2887901000213,187.2887901000213,187.2887901000213,187.2887901000213,188.28701670002192,188.28701670002192,189.18803459999617,v,1,0.9000603999011219,None,,,,,,,,,,,,,,,P005,001,,2025-10-03_21h45.06.202,MotorSequence,,2025.1.1,59.963650037788035,2025-10-03 21h45.13.769235 +0530,
50,c,78,2,19,c,1,0.1627426000777632,None,,,,,19,2,78,2,,,,,189.2054132000776,,189.18857390002813,189.2054132000776,190.20347990002483,190.18926750007086,190.18926750007086,190.18926750007086,190.18926750007086,191.2034105999628,191.2034105999628,191.3709980000276,c,1,0.1627426000777632,None,,,,,,,,,,,,,,,P005,001,,2025-10-03_21h45.06.202,MotorSequence,,2025.1.1,59.963650037788035,2025-10-03 21h45.13.769235 +0530,
-150,z,79,3,19,z,1,0.2829181000124663,None,,,,,19,3,79,3,,,,,191.38904579996597,,191.37160030007362,191.38904579996597,192.3871092000045,192.37270120007452,192.37270120007452,192.37270120007452,192.37270120007452,193.37026930006687,193.37026930006687,193.65411220001988,z,1,0.2829181000124663,None,,,,,,,,,,,,,,,P005,001,,2025-10-03_21h45.06.202,MotorSequence,,2025.1.1,59.963650037788035,2025-10-03 21h45.13.769235 +0530,
-50,x,80,0,20,x,1,0.3117950999876484,None,,,,,20,0,80,0,,,,,193.67211180005688,,193.6547103000339,193.67211180005688,194.6702361999778,194.65529490006156,194.65529490006156,194.65529490006156,194.65529490006156,195.65364550007507,195.65364550007507,195.97059170005377,x,1,0.3117950999876484,None,,,,,,,,,,,,,,,P005,001,,2025-10-03_21h45.06.202,MotorSequence,,2025.1.1,59.963650037788035,2025-10-03 21h45.13.769235 +0530,
150,v,81,1,20,v,1,0.11528409994207323,None,,,,,20,1,81,1,,,,,195.9886339000659,,195.97113590000663,195.9886339000659,196.98680369998328,196.9719902999932,196.9719902999932,196.9719902999932,196.9719902999932,197.97035680001136,197.97035680001136,198.08755190006923,v,1,0.11528409994207323,None,,,,,,,,,,,,,,,P005,001,,2025-10-03_21h45.06.202,MotorSequence,,2025.1.1,59.963650037788035,2025-10-03 21h45.13.769235 +0530,
50,c,82,2,20,c,1,0.316546400077641,None,,,,,20,2,82,2,,,,,198.10539959999733,,198.08811360003892,198.10539959999733,199.1034881999949,199.0887587000616,199.0887587000616,199.0887587000616,199.0887587000616,200.08689240005333,200.08689240005333,200.42069270007778,c,1,0.316546400077641,None,,,,,,,,,,,,,,,P005,001,,2025-10-03_21h45.06.202,MotorSequence,,2025.1.1,59.963650037788035,2025-10-03 21h45.13.769235 +0530,
-150,z,83,3,20,z,1,0.5867753999773413,None,,,,,20,3,83,3,,,,,200.43871150002815,,200.42126169998664,200.43871150002815,201.4366333000362,201.4219076000154,201.4219076000154,201.4219076000154,201.4219076000154,202.42020429996774,202.42020429996774,203.02087790006772,z,1,0.5867753999773413,None,,,,,,,,,,,,,,,P005,001,,2025-10-03_21h45.06.202,MotorSequence,,2025.1.1,59.963650037788035,2025-10-03 21h45.13.769235 +0530,
-50,x,84,0,21,x,1,0.6209646000061184,None,,,,,21,0,84,0,,,,,203.03869179997128,,203.0214826000156,203.03869179997128,204.03676459996495,204.02198860002682,204.02198860002682,204.02198860002682,204.02198860002682,205.0198756000027,205.0198756000027,205.65422949998174,x,1,0.6209646000061184,None,,,,,,,,,,,,,,,P005,001,,2025-10-03_21h45.06.202,MotorSequence,,2025.1.1,59.963650037788035,2025-10-03 21h45.13.769235 +0530,
150,v,85,1,21,v,1,0.0987135999603197,None,,,,,21,1,85,1,,,,,205.67182639997918,,205.65487430000212,205.67182639997918,206.67012520006392,206.65508940001018,206.65508940001018,206.65508940001018,206.65508940001018,207.65336220001336,207.65336220001336,207.75381630007178,v,1,0.0987135999603197,None,,,,,,,,,,,,,,,P005,001,,2025-10-03_21h45.06.202,MotorSequence,,2025.1.1,59.963650037788035,2025-10-03 21h45.13.769235 +0530,
50,c,86,2,21,c,1,0.7033202000893652,None,,,,,21,2,86,2,,,,,207.77184619999025,,207.7544711000519,207.77184619999025,208.77004420000594,208.75505919998977,208.75505919998977,208.75505919998977,208.75505919998977,209.75293930002954,209.75293930002954,210.47090449999087,c,1,0.7033202000893652,None,,,,,,,,,,,,,,,P005,001,,2025-10-03_21h45.06.202,MotorSequence,,2025.1.1,59.963650037788035,2025-10-03 21h45.13.769235 +0530,
-150,z,87,3,21,z,1,0.21034260001033545,None,,,,,21,3,87,3,,,,,210.48841390002053,,210.47154309996404,210.48841390002053,211.48659910005517,211.4716810999671,211.4716810999671,211.4716810999671,211.4716810999671,212.48637649999,212.48637649999,212.70382359996438,z,1,0.21034260001033545,None,,,,,,,,,,,,,,,P005,001,,2025-10-03_21h45.06.202,MotorSequence,,2025.1.1,59.963650037788035,2025-10-03 21h45.13.769235 +0530,
-50,x,88,0,22,x,1,0.2683422000845894,None,,,,,22,0,88,0,,,,,212.7213312999811,,212.7044348999625,212.7213312999811,213.71979999996256,213.7049819000531,213.7049819000531,213.7049819000531,213.7049819000531,214.7029918000335,214.7029918000335,214.98720970004797,x,1,0.2683422000845894,None,,,,,,,,,,,,,,,P005,001,,2025-10-03_21h45.06.202,MotorSequence,,2025.1.1,59.963650037788035,2025-10-03 21h45.13.769235 +0530,
150,v,89,1,22,v,1,0.8026810999726877,None,,,,,22,1,89,1,,,,,215.00489860004745,,214.98785599996336,215.00489860004745,216.00288390007336,215.98821570002474,215.98821570002474,215.98821570002474,215.98821570002474,217.0030315000331,217.0030315000331,217.820437700022,v,1,0.8026810999726877,None,,,,,,,,,,,,,,,P005,001,,2025-10-03_21h45.06.202,MotorSequence,,2025.1.1,59.963650037788035,2025-10-03 21h45.13.769235 +0530,
50,c,90,2,22,c,1,0.6810328999999911,None,,,,,22,2,90,2,,,,,217.83815550000872,,217.82103210000787,217.83815550000872,218.83619980001822,218.8217999000335,218.8217999000335,218.8217999000335,218.8217999000335,219.8362951000454,219.8362951000454,220.5202130000107,c,1,0.6810328999999911,None,,,,,,,,,,,,,,,P005,001,,2025-10-03_21h45.06.202,MotorSequence,,2025.1.1,59.963650037788035,2025-10-03 21h45.13.769235 +0530,
-150,z,91,3,22,z,1,1.0971717999782413,None,,,,,22,3,91,3,,,,,220.53816180001013,,220.5208104000194,220.53816180001013,221.53574550000485,221.52105320000555,221.52105320000555,221.52105320000555,221.52105320000555,222.53619390004314,222.53619390004314,223.6371286000358,z,1,1.0971717999782413,None,,,,,,,,,,,,,,,P005,001,,2025-10-03_21h45.06.202,MotorSequence,,2025.1.1,59.963650037788035,2025-10-03 21h45.13.769235 +0530,
-50,x,92,0,23,x,1,2.264304899959825,None,,,,,23,0,92,0,,,,,223.65481550002005,,223.6377792999847,223.65481550002005,224.6528413000051,224.63794859999325,224.63794859999325,224.63794859999325,224.63794859999325,225.6528139000293,225.6528139000293,227.92010450002272,x,1,2.264304899959825,None,,,,,,,,,,,,,,,P005,001,,2025-10-03_21h45.06.202,MotorSequence,,2025.1.1,59.963650037788035,2025-10-03 21h45.13.769235 +0530,
150,v,93,1,23,v,1,0.8172333999536932,None,,,,,23,1,93,1,,,,,227.9378211000003,,227.92071109998506,227.9378211000003,228.9359403999988,228.9212191000115,228.9212191000115,228.9212191000115,228.9212191000115,229.91947600001004,229.91947600001004,230.75357719999738,v,1,0.8172333999536932,None,,,,,,,,,,,,,,,P005,001,,2025-10-03_21h45.06.202,MotorSequence,,2025.1.1,59.963650037788035,2025-10-03 21h45.13.769235 +0530,
50,c,94,2,23,c,1,0.12884120002854615,None,,,,,23,2,94,2,,,,,230.77128810004797,,230.75419560004957,230.77128810004797,231.76932149997447,231.75434490002226,231.75434490002226,231.75434490002226,231.75434490002226,232.75251540006138,232.75251540006138,232.8869030000642,c,1,0.12884120002854615,None,,,,,,,,,,,,,,,P005,001,,2025-10-03_21h45.06.202,MotorSequence,,2025.1.1,59.963650037788035,2025-10-03 21h45.13.769235 +0530,
-150,z,95,3,23,z,1,0.08507330005522817,None,,,,,23,3,95,3,,,,,232.90426550002303,,232.88747000007425,232.90426550002303,233.90253510000184,233.8877234000247,233.8877234000247,233.8877234000247,233.8877234000247,234.90251779998653,234.90251779998653,235.00354279996827,z,1,0.08507330005522817,None,,,,,,,,,,,,,,,P005,001,,2025-10-03_21h45.06.202,MotorSequence,,2025.1.1,59.963650037788035,2025-10-03 21h45.13.769235 +0530,
-50,x,96,0,24,x,1,1.605715199955739,None,,,,,24,0,96,0,,,,,235.02131560002454,,235.00412679999135,235.02131560002454,236.0193028000649,236.0040858000284,236.0040858000284,236.0040858000284,236.0040858000284,237.01916040002834,237.01916040002834,238.6365185000468,x,1,1.605715199955739,None,,,,,,,,,,,,,,,P005,001,,2025-10-03_21h45.06.202,MotorSequence,,2025.1.1,59.963650037788035,2025-10-03 21h45.13.769235 +0530,
150,v,97,1,24,v,1,1.200872699962929,None,,,,,24,1,97,1,,,,,238.65430599998217,,238.63753130007535,238.65430599998217,239.65239559998736,239.63766730006319,239.63766730006319,239.63766730006319,239.63766730006319,240.635824099998,240.635824099998,241.8528339000186,v,1,1.200872699962929,None,,,,,,,,,,,,,,,P005,001,,2025-10-03_21h45.06.202,MotorSequence,,2025.1.1,59.963650037788035,2025-10-03 21h45.13.769235 +0530,
50,c,98,2,24,c,1,0.2149434998864308,None,,,,,24,2,98,2,,,,,241.8711159999948,,241.85343740007374,241.8711159999948,242.86903589998838,242.85421040002257,242.85421040002257,242.85421040002257,242.85421040002257,243.85236100002658,243.85236100002658,244.06955540005583,c,1,0.2149434998864308,None,,,,,,,,,,,,,,,P005,001,,2025-10-03_21h45.06.202,MotorSequence,,2025.1.1,59.963650037788035,2025-10-03 21h45.13.769235 +0530,
-150,z,99,3,24,z,1,0.08409300004132092,None,,,,,24,3,99,3,,,,,244.087410200038,,244.07019600004423,244.087410200038,245.08564840001054,245.07102000003215,245.07102000003215,245.07102000003215,245.07102000003215,246.0853234999813,246.0853234999813,246.18636300007347,z,1,0.08409300004132092,None,,,,,,,,,,,,,,,P005,001,,2025-10-03_21h45.06.202,MotorSequence,,2025.1.1,59.963650037788035,2025-10-03 21h45.13.769235 +0530,
150,v,0,0,0,,,,,v,1,1.6260551998857409,None,,,,,0,0,0,1,246.20685259997845,,,,,,,,,,,,,,,,246.20070190005936,246.20685259997845,247.18757429998368,247.18757429998368,247.18757429998368,247.18757429998368,247.21877569996286,248.18550430005416,248.18550430005416,249.81962109997403,v,1,1.6260551998857409,None,P005,001,,2025-10-03_21h45.06.202,MotorSequence,,2025.1.1,59.963650037788035,2025-10-03 21h45.13.769235 +0530,
50,c,1,1,0,,,,,c,1,0.38410849997308105,None,,,,,0,1,1,2,249.83713770005852,,,,,,,,,,,,,,,,249.82048540003598,249.83713770005852,250.82052289997227,250.82052289997227,250.82052289997227,250.82052289997227,250.83544499997515,251.8355797000695,251.8355797000695,252.23643390007783,c,1,0.38410849997308105,None,P005,001,,2025-10-03_21h45.06.202,MotorSequence,,2025.1.1,59.963650037788035,2025-10-03 21h45.13.769235 +0530,
-50,x,2,2,0,,,,,x,1,0.35114650009199977,None,,,,,0,2,2,0,252.25435780000407,,,,,,,,,,,,,,,,252.2376686000498,252.25435780000407,253.23749169998337,253.23749169998337,253.23749169998337,253.23749169998337,253.25197260000277,254.25184350006748,254.25184350006748,254.61901430005673,x,1,0.35114650009199977,None,P005,001,,2025-10-03_21h45.06.202,MotorSequence,,2025.1.1,59.963650037788035,2025-10-03 21h45.13.769235 +0530,
50,c,3,3,1,,,,,c,1,0.46691100008320063,None,,,,,1,3,3,2,254.63697420002427,,,,,,,,,,,,,,,,254.61955289996695,254.63697420002427,255.6202577999793,255.6202577999793,255.6202577999793,255.6202577999793,255.63507469999604,256.6188142000465,256.6188142000465,257.1028276999714,c,1,0.46691100008320063,None,P005,001,,2025-10-03_21h45.06.202,MotorSequence,,2025.1.1,59.963650037788035,2025-10-03 21h45.13.769235 +0530,
50,c,4,4,2,,,,,c,1,0.46657120005693287,None,,,,,2,4,4,2,257.1205164999701,,,,,,,,,,,,,,,,257.1034789000405,257.1205164999701,258.10352740006056,258.10352740006056,258.10352740006056,258.10352740006056,258.11877279996406,259.1185892999638,259.1185892999638,259.6027222999837,c,1,0.46657120005693287,None,P005,001,,2025-10-03_21h45.06.202,MotorSequence,,2025.1.1,59.963650037788035,2025-10-03 21h45.13.769235 +0530,
150,v,5,5,1,,,,,b,0,0.5701617000158876,None,,,,,1,5,5,1,259.62087730003987,,,,,,,,,,,,,,,,259.60337110003456,259.62087730003987,260.6036815000698,260.6036815000698,260.6036815000698,260.6036815000698,260.61864510003943,261.6185907999752,261.6185907999752,262.2022217999911,b,0,0.5701617000158876,None,P005,001,,2025-10-03_21h45.06.202,MotorSequence,,2025.1.1,59.963650037788035,2025-10-03 21h45.13.769235 +0530,
150,v,6,6,2,,,,,c,0,0.769633200019598,None,,,,,2,6,6,1,262.22010869998485,,,,,,,,,,,,,,,,262.20281340007205,262.22010869998485,263.20371939998586,263.20371939998586,263.20371939998586,263.20371939998586,263.2186959000537,264.20160360005684,264.20160360005684,264.98592979996465,c,0,0.769633200019598,None,P005,001,,2025-10-03_21h45.06.202,MotorSequence,,2025.1.1,59.963650037788035,2025-10-03 21h45.13.769235 +0530,
50,c,7,7,3,,,,,c,1,0.5974717000499368,None,,,,,3,7,7,2,265.0038437000476,,,,,,,,,,,,,,,,264.9867273999844,265.0038437000476,265.9865633000154,265.9865633000154,265.9865633000154,265.9865633000154,266.00114890001714,267.001658000052,267.001658000052,267.6024177999934,c,1,0.5974717000499368,None,P005,001,,2025-10-03_21h45.06.202,MotorSequence,,2025.1.1,59.963650037788035,2025-10-03 21h45.13.769235 +0530,
-50,x,8,8,1,,,,,x,1,0.7848725999938324,None,,,,,1,8,8,0,267.62015550001524,,,,,,,,,,,,,,,,267.6030575999757,267.62015550001524,268.6033178999787,268.6033178999787,268.6033178999787,268.6033178999787,268.61844690004364,269.60128479998093,269.60128479998093,270.4024948000442,x,1,0.7848725999938324,None,P005,001,,2025-10-03_21h45.06.202,MotorSequence,,2025.1.1,59.963650037788035,2025-10-03 21h45.13.769235 +0530,
-50,x,9,9,2,,,,,x,1,0.4577593000140041,None,,,,,2,9,9,0,270.42004460003227,,,,,,,,,,,,,,,,270.40309879998676,270.42004460003227,271.403259200044,271.403259200044,271.403259200044,271.403259200044,271.4180467000697,272.4179020000156,272.4179020000156,272.88665060000494,x,1,0.4577593000140041,None,P005,001,,2025-10-03_21h45.06.202,MotorSequence,,2025.1.1,59.963650037788035,2025-10-03 21h45.13.769235 +0530,
-150,z,10,10,0,,,,,z,1,0.9741213999222964,None,,,,,0,10,10,3,272.9035891999956,,,,,,,,,,,,,,,,272.8874134999933,272.9035891999956,273.8865646000486,273.8865646000486,273.8865646000486,273.8865646000486,273.90132970002014,274.9015733000124,274.9015733000124,275.88495410000905,z,1,0.9741213999222964,None,P005,001,,2025-10-03_21h45.06.202,MotorSequence,,2025.1.1,59.963650037788035,2025-10-03 21h45.13.769235 +0530,
50,c,11,11,4,,,,,c,1,0.9413403000216931,None,,,,,4,11,11,2,275.90297960001044,,,,,,,,,,,,,,,,275.88558830006514,275.90297960001044,276.88646090007387,276.88646090007387,276.88646090007387,276.88646090007387,276.9010859000264,277.8848215000471,277.8848215000471,278.83502930006944,c,1,0.9413403000216931,None,P005,001,,2025-10-03_21h45.06.202,MotorSequence,,2025.1.1,59.963650037788035,2025-10-03 21h45.13.769235 +0530,
-50,x,12,12,3,,,,,x,1,0.7367103999713436,None,,,,,3,12,12,0,278.85328500007745,,,,,,,,,,,,,,,,278.8358195000328,278.85328500007745,279.83626210002694,279.83626210002694,279.83626210002694,279.83626210002694,279.85121720004827,280.8342910000356,280.8342910000356,281.58553090004716,x,1,0.7367103999713436,None,P005,001,,2025-10-03_21h45.06.202,MotorSequence,,2025.1.1,59.963650037788035,2025-10-03 21h45.13.769235 +0530,
50,c,13,13,5,,,,,c,1,0.7234785000327975,None,,,,,5,13,13,2,281.60318740003277,,,,,,,,,,,,,,,,281.58657899999525,281.60318740003277,282.58641530002933,282.58641530002933,282.58641530002933,282.58641530002933,282.60139139997773,283.6010988999624,283.6010988999624,284.33544120006263,c,1,0.7234785000327975,None,P005,001,,2025-10-03_21h45.06.202,MotorSequence,,2025.1.1,59.963650037788035,2025-10-03 21h45.13.769235 +0530,
-50,x,14,14,4,,,,,v,0,0.2169616000028327,None,,,,,4,14,14,0,284.35298770002555,,,,,,,,,,,,,,,,284.3360298000043,284.35298770002555,285.33663160004653,285.33663160004653,285.33663160004653,285.33663160004653,285.3511697000358,286.3505113000283,286.3505113000283,286.56837840005755,v,0,0.2169616000028327,None,P005,001,,2025-10-03_21h45.06.202,MotorSequence,,2025.1.1,59.963650037788035,2025-10-03 21h45.13.769235 +0530,
-50,x,15,15,5,,,,,x,1,0.7132480998989195,None,,,,,5,15,15,0,286.6000508000143,,,,,,,,,,,,,,,,286.56902930000797,286.6000508000143,287.5696547999978,287.5696547999978,287.5696547999978,287.5696547999978,287.60122890002094,288.56775180005934,288.56775180005934,289.2852208999684,x,1,0.7132480998989195,None,P005,001,,2025-10-03_21h45.06.202,MotorSequence,,2025.1.1,59.963650037788035,2025-10-03 21h45.13.769235 +0530,
-50,x,16,16,6,,,,,c,0,0.41643969994038343,None,,,,,6,16,16,0,289.3030743000563,,,,,,,,,,,,,,,,289.2858538000146,289.3030743000563,290.2861227999674,290.2861227999674,290.2861227999674,290.2861227999674,290.3010488,291.3008376000216,291.3008376000216,291.7182717999676,c,0,0.41643969994038343,None,P005,001,,2025-10-03_21h45.06.202,MotorSequence,,2025.1.1,59.963650037788035,2025-10-03 21h45.13.769235 +0530,
-150,z,17,17,1,,,,,z,1,0.5339698999887332,None,,,,,1,17,17,3,291.736041199998,,,,,,,,,,,,,,,,291.71893329999875,291.736041199998,292.7193458999973,292.7193458999973,292.7193458999973,292.7193458999973,292.7343085000757,293.717618900002,293.717618900002,294.26841110002715,z,1,0.5339698999887332,None,P005,001,,2025-10-03_21h45.06.202,MotorSequence,,2025.1.1,59.963650037788035,2025-10-03 21h45.13.769235 +0530,
-150,z,18,18,2,,,,,z,1,1.3759860000573099,None,,,,,2,18,18,3,294.28603600000497,,,,,,,,,,,,,,,,294.2689887000015,294.28603600000497,295.26934430003166,295.26934430003166,295.26934430003166,295.26934430003166,295.28426089999266,296.26761990005616,296.26761990005616,297.65155479998793,z,1,1.3759860000573099,None,P005,001,,2025-10-03_21h45.06.202,MotorSequence,,2025.1.1,59.963650037788035,2025-10-03 21h45.13.769235 +0530,
150,v,19,19,3,,,,,v,1,0.5366536000510678,None,,,,,3,19,19,1,297.6698003000347,,,,,,,,,,,,,,,,297.65226370003074,297.6698003000347,298.65260520006996,298.65260520006996,298.65260520006996,298.65260520006996,298.6672245999798,299.65072729997337,299.65072729997337,300.2014197000535,v,1,0.5366536000510678,None,P005,001,,2025-10-03_21h45.06.202,MotorSequence,,2025.1.1,59.963650037788035,2025-10-03 21h45.13.769235 +0530,
-150,z,20,20,3,,,,,z,1,0.5310667000012472,None,,,,,3,20,20,3,300.2192665999755,,,,,,,,,,,,,,,,300.2020158000523,300.2192665999755,301.20263219997287,301.20263219997287,301.20263219997287,301.20263219997287,301.2175572999986,302.20062270003837,302.20062270003837,302.7350821000291,z,1,0.5310667000012472,None,P005,001,,2025-10-03_21h45.06.202,MotorSequence,,2025.1.1,59.963650037788035,2025-10-03 21h45.13.769235 +0530,
-50,x,21,21,7,,,,,c,0,0.7016064999625087,None,,,,,7,21,21,0,302.75248719996307,,,,,,,,,,,,,,,,302.73573970003054,302.75248719996307,303.7359154999722,303.7359154999722,303.7359154999722,303.7359154999722,303.7505865000421,304.7504362000618,304.7504362000618,305.4680272999685,c,0,0.7016064999625087,None,P005,001,,2025-10-03_21h45.06.202,MotorSequence,,2025.1.1,59.963650037788035,2025-10-03 21h45.13.769235 +0530,
-150,z,22,22,4,,,,,z,1,0.6595209999941289,None,,,,,4,22,22,3,305.48583540006075,,,,,,,,,,,,,,,,305.4685842000181,305.48583540006075,306.4691966000246,306.4691966000246,306.4691966000246,306.4691966000246,306.48388000007253,307.4672661999939,307.4672661999939,308.1349620000692,z,1,0.6595209999941289,None,P005,001,,2025-10-03_21h45.06.202,MotorSequence,,2025.1.1,59.963650037788035,2025-10-03 21h45.13.769235 +0530,
150,v,23,23,4,,,,,v,1,0.5743200000142679,None,,,,,4,23,23,1,308.1523415000411,,,,,,,,,,,,,,,,308.1356195000699,308.1523415000411,309.1358450000407,309.1358450000407,309.1358450000407,309.1358450000407,309.1505674000364,310.1505648000166,310.1505648000166,310.7346176999854,v,1,0.5743200000142679,None,P005,001,,2025-10-03_21h45.06.202,MotorSequence,,2025.1.1,59.963650037788035,2025-10-03 21h45.13.769235 +0530,
-50,x,24,24,8,,,,,x,1,0.8081678000744432,None,,,,,8,24,24,0,310.75226560002193,,,,,,,,,,,,,,,,310.73527569998987,310.75226560002193,311.73587940004654,311.73587940004654,311.73587940004654,311.73587940004654,311.7502081000712,312.73381400003564,312.73381400003564,313.5514384000562,x,1,0.8081678000744432,None,P005,001,,2025-10-03_21h45.06.202,MotorSequence,,2025.1.1,59.963650037788035,2025-10-03 21h45.13.769235 +0530,
-150,z,25,25,5,,,,,z,1,0.3910736999241635,None,,,,,5,25,25,3,313.5686817000387,,,,,,,,,,,,,,,,313.5521067000227,313.5686817000387,314.55210870003793,314.55210870003793,314.55210870003793,314.55210870003793,314.56716810003854,315.5669033000013,315.5669033000013,315.96783239999786,z,1,0.3910736999241635,None,P005,001,,2025-10-03_21h45.06.202,MotorSequence,,2025.1.1,59.963650037788035,2025-10-03 21h45.13.769235 +0530,
150,v,26,26,5,,,,,c,0,0.5175283999415115,None,,,,,5,26,26,1,315.98570499999914,,,,,,,,,,,,,,,,315.96850069996435,315.98570499999914,316.96879900002386,316.96879900002386,316.96879900002386,316.96879900002386,316.9838141000364,317.9670161000686,317.9670161000686,318.50109739997424,c,0,0.5175283999415115,None,P005,001,,2025-10-03_21h45.06.202,MotorSequence,,2025.1.1,59.963650037788035,2025-10-03 21h45.13.769235 +0530,
150,v,27,27,6,,,,,v,1,0.4660466000204906,None,,,,,6,27,27,1,318.5189140000148,,,,,,,,,,,,,,,,318.5017416999908,318.5189140000148,319.5024382000556,319.5024382000556,319.5024382000556,319.5024382000556,319.51674880005885,320.50031839997973,320.50031839997973,320.9675083999755,v,1,0.4660466000204906,None,P005,001,,2025-10-03_21h45.06.202,MotorSequence,,2025.1.1,59.963650037788035,2025-10-03 21h45.13.769235 +0530,
-50,x,28,28,9,,,,,c,0,0.7885659000603482,None,,,,,9,28,28,0,320.98516989999916,,,,,,,,,,,,,,,,320.96809810004197,320.98516989999916,321.96842749998905,321.96842749998905,321.96842749998905,321.96842749998905,321.98369500006083,322.9669175000163,322.9669175000163,323.7675528000109,c,0,0.7885659000603482,None,P005,001,,2025-10-03_21h45.06.202,MotorSequence,,2025.1.1,59.963650037788035,2025-10-03 21h45.13.769235 +0530,
-150,z,29,29,6,,,,,z,1,0.518276400049217,None,,,,,6,29,29,3,323.7856007000664,,,,,,,,,,,,,,,,323.7682563000126,323.7856007000664,324.76874590001535,324.76874590001535,324.76874590001535,324.76874590001535,324.7835101999808,325.7669213999761,325.7669213999761,326.30077570001595,z,1,0.518276400049217,None,P005,001,,2025-10-03_21h45.06.202,MotorSequence,,2025.1.1,59.963650037788035,2025-10-03 21h45.13.769235 +0530,
150,v,30,30,7,,,,,v,1,0.6593498999718577,None,,,,,7,30,30,1,326.31851730006747,,,,,,,,,,,,,,,,326.301392900059,326.31851730006747,327.30164009996224,327.30164009996224,327.30164009996224,327.30164009996224,327.31675770005677,328.30018090002704,328.30018090002704,328.96728360001,v,1,0.6593498999718577,None,P005,001,,2025-10-03_21h45.06.202,MotorSequence,,2025.1.1,59.963650037788035,2025-10-03 21h45.13.769235 +0530,
-50,x,31,31,10,,,,,x,1,0.471133999992162,None,,,,,10,31,31,0,328.9855645999778,,,,,,,,,,,,,,,,328.9678825000301,328.9855645999778,329.9686099999817,329.9686099999817,329.9686099999817,329.9686099999817,329.9832449000096,330.9665050000185,330.9665050000185,331.4509090000065,x,1,0.471133999992162,None,P005,001,,2025-10-03_21h45.06.202,MotorSequence,,2025.1.1,59.963650037788035,2025-10-03 21h45.13.769235 +0530,
50,c,32,32,6,,,,,c,1,0.584945400012657,None,,,,,6,32,32,2,331.46857580007054,,,,,,,,,,,,,,,,331.45148819999304,331.46857580007054,332.45171449996997,332.45171449996997,332.45171449996997,332.45171449996997,332.46668469998986,333.4663603999652,333.4663603999652,334.0670774000464,c,1,0.584945400012657,None,P005,001,,2025-10-03_21h45.06.202,MotorSequence,,2025.1.1,59.963650037788035,2025-10-03 21h45.13.769235 +0530,
150,v,33,33,8,,,,,v,1,0.4209442000137642,None,,,,,8,33,33,1,334.0852266000584,,,,,,,,,,,,,,,,334.0677452000091,334.0852266000584,335.06853569997475,335.06853569997475,335.06853569997475,335.06853569997475,335.0828737000702,336.0666095999768,336.0666095999768,336.5005197999999,v,1,0.4209442000137642,None,P005,001,,2025-10-03_21h45.06.202,MotorSequence,,2025.1.1,59.963650037788035,2025-10-03 21h45.13.769235 +0530,
-150,z,34,34,7,,,,,z,1,2.7206506999209523,None,,,,,7,34,34,3,336.5182662999723,,,,,,,,,,,,,,,,336.50114599999506,336.5182662999723,337.5013919000048,337.5013919000048,337.5013919000048,337.5013919000048,337.516251699999,338.49973050004337,338.49973050004337,341.2336601000279,z,1,2.7206506999209523,None,P005,001,,2025-10-03_21h45.06.202,MotorSequence,,2025.1.1,59.963650037788035,2025-10-03 21h45.13.769235 +0530,
-50,x,35,35,11,,,,,x,1,0.6718269999837503,None,,,,,11,35,35,0,341.25125239999034,,,,,,,,,,,,,,,,341.23427270003594,341.25125239999034,342.2348448999692,342.2348448999692,342.2348448999692,342.2348448999692,342.2491895999992,343.23286520002875,343.23286520002875,343.9172800000524,x,1,0.6718269999837503,None,P005,001,,2025-10-03_21h45.06.202,MotorSequence,,2025.1.1,59.963650037788035,2025-10-03 21h45.13.769235 +0530,
-50,x,36,36,12,,,,,c,0,0.8744104999350384,None,,,,,12,36,36,0,343.9348597000353,,,,,,,,,,,,,,,,343.9179235000629,343.9348597000353,344.91807570005767,344.91807570005767,344.91807570005767,344.91807570005767,344.9327640000265,345.93287440005224,345.93287440005224,346.81710960005876,c,0,0.8744104999350384,None,P005,001,,2025-10-03_21h45.06.202,MotorSequence,,2025.1.1,59.963650037788035,2025-10-03 21h45.13.769235 +0530,
-50,x,37,37,13,,,,,x,1,0.7515427999896929,None,,,,,13,37,37,0,346.8348407000303,,,,,,,,,,,,,,,,346.81778869999107,346.8348407000303,347.818048599991,347.818048599991,347.818048599991,347.818048599991,347.83290589996614,348.8329187000636,348.8329187000636,349.6004316000035,x,1,0.7515427999896929,None,P005,001,,2025-10-03_21h45.06.202,MotorSequence,,2025.1.1,59.963650037788035,2025-10-03 21h45.13.769235 +0530,
-50,x,38,38,14,,,,,x,1,0.5007017999887466,None,,,,,14,38,38,0,349.6180967000546,,,,,,,,,,,,,,,,349.60101750004105,349.6180967000546,350.60099369997624,350.60099369997624,350.60099369997624,350.60099369997624,350.6159857000457,351.6162686999887,351.6162686999887,352.133385400055,x,1,0.5007017999887466,None,P005,001,,2025-10-03_21h45.06.202,MotorSequence,,2025.1.1,59.963650037788035,2025-10-03 21h45.13.769235 +0530,
50,c,39,39,7,,,,,c,1,0.8101710000773892,None,,,,,7,39,39,2,352.1514825000195,,,,,,,,,,,,,,,,352.13403050007764,352.1514825000195,353.1346197000239,353.1346197000239,353.1346197000239,353.1346197000239,353.14954780007247,354.1491653000703,354.1491653000703,354.96691519999877,c,1,0.8101710000773892,None,P005,001,,2025-10-03_21h45.06.202,MotorSequence,,2025.1.1,59.963650037788035,2025-10-03 21h45.13.769235 +0530,
50,c,40,40,8,,,,,c,1,0.7506659999489784,None,,,,,8,40,40,2,354.9844674000051,,,,,,,,,,,,,,,,354.9675922000315,354.9844674000051,355.9679187000729,355.9679187000729,355.9679187000729,355.9679187000729,355.9826822000323,356.9825414000079,356.9825414000079,357.7503494999837,c,1,0.7506659999489784,None,P005,001,,2025-10-03_21h45.06.202,MotorSequence,,2025.1.1,59.963650037788035,2025-10-03 21h45.13.769235 +0530,
-50,x,41,41,15,,,,,x,1,0.9578742000740021,None,,,,,15,41,41,0,357.76777470007073,,,,,,,,,,,,,,,,357.75153540004976,357.76777470007073,358.75106939999387,358.75106939999387,358.75106939999387,358.75106939999387,358.7656078999862,359.76529470004607,359.76529470004607,360.73341730004176,x,1,0.9578742000740021,None,P005,001,,2025-10-03_21h45.06.202,MotorSequence,,2025.1.1,59.963650037788035,2025-10-03 21h45.13.769235 +0530,
150,v,42,42,9,,,,,v,1,0.8813395999604836,None,,,,,9,42,42,1,360.7509924999904,,,,,,,,,,,,,,,,360.73406569997314,360.7509924999904,361.7344173999736,361.7344173999736,361.7344173999736,361.7344173999736,361.7491514000576,362.7491696999641,362.7491696999641,363.632958500064,v,1,0.8813395999604836,None,P005,001,,2025-10-03_21h45.06.202,MotorSequence,,2025.1.1,59.963650037788035,2025-10-03 21h45.13.769235 +0530,
150,v,43,43,10,,,,,v,1,0.7639497999334708,None,,,,,10,43,43,1,363.6507048000349,,,,,,,,,,,,,,,,363.6335754999891,363.6507048000349,364.63353190000635,364.63353190000635,364.63353190000635,364.63353190000635,364.64875789999496,365.6321800000733,365.6321800000733,366.3997409000294,v,1,0.7639497999334708,None,P005,001,,2025-10-03_21h45.06.202,MotorSequence,,2025.1.1,59.963650037788035,2025-10-03 21h45.13.769235 +0530,
50,c,44,44,9,,,,,c,1,1.0914787000510842,None,,,,,9,44,44,2,366.4174782000482,,,,,,,,,,,,,,,,366.4003681000322,366.4174782000482,367.40076950006187,367.40076950006187,367.40076950006187,367.40076950006187,367.4157110999804,368.39892199996393,368.39892199996393,369.49978509999346,c,1,1.0914787000510842,None,P005,001,,2025-10-03_21h45.06.202,MotorSequence,,2025.1.1,59.963650037788035,2025-10-03 21h45.13.769235 +0530,
150,v,45,45,11,,,,,v,1,1.6803148000035435,None,,,,,11,45,45,1,369.51749940006994,,,,,,,,,,,,,,,,369.50036060006823,369.51749940006994,370.5005100000417,370.5005100000417,370.5005100000417,370.5005100000417,370.5153218000196,371.515504400013,371.515504400013,373.1993909999728,v,1,1.6803148000035435,None,P005,001,,2025-10-03_21h45.06.202,MotorSequence,,2025.1.1,59.963650037788035,2025-10-03 21h45.13.769235 +0530,
150,v,46,46,12,,,,,c,0,0.8236066999379545,None,,,,,12,46,46,1,373.2173851999687,,,,,,,,,,,,,,,,373.2000139000593,373.2173851999687,374.2006305999821,374.2006305999821,374.2006305999821,374.2006305999821,374.2154754999792,375.19870559999254,375.19870559999254,376.0330053999787,c,0,0.8236066999379545,None,P005,001,,2025-10-03_21h45.06.202,MotorSequence,,2025.1.1,59.963650037788035,2025-10-03 21h45.13.769235 +0530,
150,v,47,47,13,,,,,v,1,0.6812182000139728,None,,,,,13,47,47,1,376.0504418000346,,,,,,,,,,,,,,,,376.03359240002465,376.0504418000346,377.03397940006107,377.03397940006107,377.03397940006107,377.03397940006107,377.0487404000014,378.03178830002435,378.03178830002435,378.7159334999742,v,1,0.6812182000139728,None,P005,001,,2025-10-03_21h45.06.202,MotorSequence,,2025.1.1,59.963650037788035,2025-10-03 21h45.13.769235 +0530,
150,v,48,48,14,,,,,v,1,0.5682535999221727,None,,,,,14,48,48,1,378.73386260005645,,,,,,,,,,,,,,,,378.7168393000029,378.73386260005645,379.7175283000106,379.7175283000106,379.7175283000106,379.7175283000106,379.7319731999887,380.7150676000165,380.7150676000165,381.29943740007,v,1,0.5682535999221727,None,P005,001,,2025-10-03_21h45.06.202,MotorSequence,,2025.1.1,59.963650037788035,2025-10-03 21h45.13.769235 +0530,
-50,x,49,49,16,,,,,x,1,0.5798496000934392,None,,,,,16,49,49,0,381.31722109997645,,,,,,,,,,,,,,,,381.30010480002966,381.31722109997645,382.30012470006477,382.30012470006477,382.30012470006477,382.30012470006477,382.3150968999835,383.31541370006744,383.31541370006744,383.8990359000163,x,1,0.5798496000934392,None,P005,001,,2025-10-03_21h45.06.202,MotorSequence,,2025.1.1,59.963650037788035,2025-10-03 21h45.13.769235 +0530,
-150,z,50,50,8,,,,,z,1,0.5264596999622881,None,,,,,8,50,50,3,383.9169996000128,,,,,,,,,,,,,,,,383.89979769999627,383.9169996000128,384.90054940001573,384.90054940001573,384.90054940001573,384.90054940001573,384.91513660002965,385.8983860000735,385.8983860000735,386.4326168000698,z,1,0.5264596999622881,None,P005,001,,2025-10-03_21h45.06.202,MotorSequence,,2025.1.1,59.963650037788035,2025-10-03 21h45.13.769235 +0530,
50,c,51,51,10,,,,,c,1,1.5016221000114456,None,,,,,10,51,51,2,386.45015439996496,,,,,,,,,,,,,,,,386.4332553000422,386.45015439996496,387.43359360005707,387.43359360005707,387.43359360005707,387.43359360005707,387.4484832000453,388.43149280000944,388.43149280000944,389.94920849998016,c,1,1.5016221000114456,None,P005,001,,2025-10-03_21h45.06.202,MotorSequence,,2025.1.1,59.963650037788035,2025-10-03 21h45.13.769235 +0530,
-150,z,52,52,9,,,,,z,1,0.7910656000021845,None,,,,,9,52,52,3,389.9671932000201,,,,,,,,,,,,,,,,389.9499817000469,389.9671932000201,390.95000000006985,390.95000000006985,390.95000000006985,390.95000000006985,390.96513500006404,391.9483626000583,391.9483626000583,392.7492022999795,z,1,0.7910656000021845,None,P005,001,,2025-10-03_21h45.06.202,MotorSequence,,2025.1.1,59.963650037788035,2025-10-03 21h45.13.769235 +0530,
-50,x,53,53,17,,,,,x,1,0.7258989999536425,None,,,,,17,53,53,0,392.7666606999701,,,,,,,,,,,,,,,,392.74986970005557,392.7666606999701,393.7499270000262,393.7499270000262,393.7499270000262,393.7499270000262,393.76486810005736,394.7482971000718,394.7482971000718,395.48254930006806,x,1,0.7258989999536425,None,P005,001,,2025-10-03_21h45.06.202,MotorSequence,,2025.1.1,59.963650037788035,2025-10-03 21h45.13.769235 +0530,
50,c,54,54,11,,,,,c,1,0.42211439996026456,None,,,,,11,54,54,2,395.49987669999246,,,,,,,,,,,,,,,,395.4831391000189,395.49987669999246,396.4836372999707,396.4836372999707,396.4836372999707,396.4836372999707,396.49814460007474,397.49828659999184,397.49828659999184,397.9323042000178,c,1,0.42211439996026456,None,P005,001,,2025-10-03_21h45.06.202,MotorSequence,,2025.1.1,59.963650037788035,2025-10-03 21h45.13.769235 +0530,
-150,z,55,55,10,,,,,z,1,0.5098889999790117,None,,,,,10,55,55,3,397.9499085000716,,,,,,,,,,,,,,,,397.93290330003947,397.9499085000716,398.9336408000672,398.9336408000672,398.9336408000672,398.9336408000672,398.94811520003714,399.93134690006264,399.93134690006264,400.44897360005416,z,1,0.5098889999790117,None,P005,001,,2025-10-03_21h45.06.202,MotorSequence,,2025.1.1,59.963650037788035,2025-10-03 21h45.13.769235 +0530,
-50,x,56,56,18,,,,,v,0,0.32741969998460263,None,,,,,18,56,56,0,400.4665697000455,,,,,,,,,,,,,,,,400.449690700043,400.4665697000455,401.4496683999896,401.4496683999896,401.4496683999896,401.4496683999896,401.4640319000464,402.46414950001054,402.46414950001054,402.7983532999642,v,0,0.32741969998460263,None,P005,001,,2025-10-03_21h45.06.202,MotorSequence,,2025.1.1,59.963650037788035,2025-10-03 21h45.13.769235 +0530,
-150,z,57,57,11,,,,,z,1,1.7583689999300987,None,,,,,11,57,57,3,402.81627369998023,,,,,,,,,,,,,,,,402.798999599996,402.81627369998023,403.79974080005195,403.79974080005195,403.79974080005195,403.79974080005195,403.81473009998444,404.7979442999931,404.7979442999931,406.5657426000107,z,1,1.7583689999300987,None,P005,001,,2025-10-03_21h45.06.202,MotorSequence,,2025.1.1,59.963650037788035,2025-10-03 21h45.13.769235 +0530,
150,v,58,58,15,,,,,v,1,0.6551637999946252,None,,,,,15,58,58,1,406.5830438999692,,,,,,,,,,,,,,,,406.5663981999969,406.5830438999692,407.5663058999926,407.5663058999926,407.5663058999926,407.5663058999926,407.58102849998977,408.5812517000595,408.5812517000595,409.2484519999707,v,1,0.6551637999946252,None,P005,001,,2025-10-03_21h45.06.202,MotorSequence,,2025.1.1,59.963650037788035,2025-10-03 21h45.13.769235 +0530,
50,c,59,59,12,,,,,c,1,0.8622878000605851,None,,,,,12,59,59,2,409.26644999999553,,,,,,,,,,,,,,,,409.2490327999694,409.26644999999553,410.24955359997693,410.24955359997693,410.24955359997693,410.24955359997693,410.26444349996746,411.2475776000647,411.2475776000647,412.1153270000359,c,1,0.8622878000605851,None,P005,001,,2025-10-03_21h45.06.202,MotorSequence,,2025.1.1,59.963650037788035,2025-10-03 21h45.13.769235 +0530,
150,v,60,60,16,,,,,v,1,1.739500500028953,None,,,,,16,60,60,1,412.1329701000359,,,,,,,,,,,,,,,,412.1159608999733,412.1329701000359,413.11604100000113,413.11604100000113,413.11604100000113,413.11604100000113,413.13119950005785,414.131071300013,414.131071300013,415.8817823000718,v,1,1.739500500028953,None,P005,001,,2025-10-03_21h45.06.202,MotorSequence,,2025.1.1,59.963650037788035,2025-10-03 21h45.13.769235 +0530,
-50,x,61,61,19,,,,,x,1,0.7558478000573814,None,,,,,19,61,61,0,415.8996096000774,,,,,,,,,,,,,,,,415.8824147999985,415.8996096000774,416.8827227000147,416.8827227000147,416.8827227000147,416.8827227000147,416.89763590006623,417.8976968000643,417.8976968000643,418.66503909998573,x,1,0.7558478000573814,None,P005,001,,2025-10-03_21h45.06.202,MotorSequence,,2025.1.1,59.963650037788035,2025-10-03 21h45.13.769235 +0530,
150,v,62,62,17,,,,,v,1,1.141159199993126,None,,,,,17,62,62,1,418.68267880007625,,,,,,,,,,,,,,,,418.665658300044,418.68267880007625,419.6665216999827,419.6665216999827,419.6665216999827,419.6665216999827,419.6808112000581,420.68079520005267,420.68079520005267,421.8313532000175,v,1,1.141159199993126,None,P005,001,,2025-10-03_21h45.06.202,MotorSequence,,2025.1.1,59.963650037788035,2025-10-03 21h45.13.769235 +0530,
150,v,63,63,18,,,,,c,0,1.0194321000017226,None,,,,,18,63,63,1,421.8489938999992,,,,,,,,,,,,,,,,421.8319498000201,421.8489938999992,422.8328140999656,422.8328140999656,422.8328140999656,422.8328140999656,422.8471568999812,423.83079130004626,423.83079130004626,424.86473290005233,c,0,1.0194321000017226,None,P005,001,,2025-10-03_21h45.06.202,MotorSequence,,2025.1.1,59.963650037788035,2025-10-03 21h45.13.769235 +0530,
50,c,64,64,13,,,,,x,0,0.5740220999578014,None,,,,,13,64,64,2,424.8823163000634,,,,,,,,,,,,,,,,424.86567590001505,424.8823163000634,425.8655684000114,425.8655684000114,425.8655684000114,425.8655684000114,425.8804651000537,426.86372150003444,426.86372150003444,427.44793120003305,x,0,0.5740220999578014,None,P005,001,,2025-10-03_21h45.06.202,MotorSequence,,2025.1.1,59.963650037788035,2025-10-03 21h45.13.769235 +0530,
-150,z,65,65,12,,,,,z,1,2.1853881999850273,None,,,,,12,65,65,3,427.46591300005093,,,,,,,,,,,,,,,,427.4486234000651,427.46591300005093,428.4495541000506,428.4495541000506,428.4495541000506,428.4495541000506,428.46380689996295,429.4468404999934,429.4468404999934,431.6479584000772,z,1,2.1853881999850273,None,P005,001,,2025-10-03_21h45.06.202,MotorSequence,,2025.1.1,59.963650037788035,2025-10-03 21h45.13.769235 +0530,
-150,z,66,66,13,,,,,z,1,1.5303885000757873,None,,,,,13,66,66,3,431.66590450005606,,,,,,,,,,,,,,,,431.6489391999785,431.66590450005606,432.64905320003163,432.64905320003163,432.64905320003163,432.64905320003163,432.66387499996927,433.6471457000589,433.6471457000589,435.18136340007186,z,1,1.5303885000757873,None,P005,001,,2025-10-03_21h45.06.202,MotorSequence,,2025.1.1,59.963650037788035,2025-10-03 21h45.13.769235 +0530,
50,c,67,67,14,,,,,c,1,2.3343440000899136,None,,,,,14,67,67,2,435.1992249999894,,,,,,,,,,,,,,,,435.1820729000028,435.1992249999894,436.1822561000008,436.1822561000008,436.1822561000008,436.1822561000008,436.19718859996647,437.18025990005117,437.18025990005117,439.53117640002165,c,1,2.3343440000899136,None,P005,001,,2025-10-03_21h45.06.202,MotorSequence,,2025.1.1,59.963650037788035,2025-10-03 21h45.13.769235 +0530,
-150,z,68,68,14,,,,,z,1,0.7358990999637172,None,,,,,14,68,68,3,439.54892790003214,,,,,,,,,,,,,,,,439.531775200041,439.54892790003214,440.5322922000196,440.5322922000196,440.5322922000196,440.5322922000196,440.54691959999036,441.53041630005464,441.53041630005464,442.2811965000583,z,1,0.7358990999637172,None,P005,001,,2025-10-03_21h45.06.202,MotorSequence,,2025.1.1,59.963650037788035,2025-10-03 21h45.13.769235 +0530,
-50,x,69,69,20,,,,,x,1,0.505344600067474,None,,,,,20,69,69,0,442.29880109999795,,,,,,,,,,,,,,,,442.2818699000636,442.29880109999795,443.28210289997514,443.28210289997514,443.28210289997514,443.28210289997514,443.29696880001575,444.2803491000086,444.2803491000086,444.79738800006453,x,1,0.505344600067474,None,P005,001,,2025-10-03_21h45.06.202,MotorSequence,,2025.1.1,59.963650037788035,2025-10-03 21h45.13.769235 +0530,
150,v,70,70,19,,,,,v,1,0.5078645999310538,None,,,,,19,70,70,1,444.81536190002225,,,,,,,,,,,,,,,,444.79811370000243,444.81536190002225,445.7986909999745,445.7986909999745,445.7986909999745,445.7986909999745,445.8135957000777,446.79687560000457,446.79687560000457,447.3143686000258,v,1,0.5078645999310538,None,P005,001,,2025-10-03_21h45.06.202,MotorSequence,,2025.1.1,59.963650037788035,2025-10-03 21h45.13.769235 +0530,
-150,z,71,71,15,,,,,z,1,0.7767929000547156,None,,,,,15,71,71,3,447.3320152000524,,,,,,,,,,,,,,,,447.3153547999682,447.3320152000524,448.31517349998467,448.31517349998467,448.31517349998467,448.31517349998467,448.33029399998486,449.32992589997593,449.32992589997593,450.11423659999855,z,1,0.7767929000547156,None,P005,001,,2025-10-03_21h45.06.202,MotorSequence,,2025.1.1,59.963650037788035,2025-10-03 21h45.13.769235 +0530,
50,c,72,72,15,,,,,c,1,0.7887785999337211,None,,,,,15,72,72,2,450.1318136000773,,,,,,,,,,,,,,,,450.11485700006597,450.1318136000773,451.11544820002746,451.11544820002746,451.11544820002746,451.11544820002746,451.13001890003216,452.1300124999834,452.1300124999834,452.9310363000259,c,1,0.7887785999337211,None,P005,001,,2025-10-03_21h45.06.202,MotorSequence,,2025.1.1,59.963650037788035,2025-10-03 21h45.13.769235 +0530,
-150,z,73,73,16,,,,,z,1,0.6213651000289246,None,,,,,16,73,73,3,452.9485168000683,,,,,,,,,,,,,,,,452.93162400007714,452.9485168000683,453.9318812000565,453.9318812000565,453.9318812000565,453.9318812000565,453.94632400001865,454.946510400041,454.946510400041,455.5808031000197,z,1,0.6213651000289246,None,P005,001,,2025-10-03_21h45.06.202,MotorSequence,,2025.1.1,59.963650037788035,2025-10-03 21h45.13.769235 +0530,
50,c,74,74,16,,,,,c,1,0.6967278000665829,None,,,,,16,74,74,2,455.5981566000264,,,,,,,,,,,,,,,,455.5814255999867,455.5981566000264,456.5818236999912,456.5818236999912,456.5818236999912,456.5818236999912,456.59652879997157,457.596378599992,457.596378599992,458.2972265999997,c,1,0.6967278000665829,None,P005,001,,2025-10-03_21h45.06.202,MotorSequence,,2025.1.1,59.963650037788035,2025-10-03 21h45.13.769235 +0530,
-150,z,75,75,17,,,,,z,1,0.5101132999407127,None,,,,,17,75,75,3,458.3153128999984,,,,,,,,,,,,,,,,458.2978350999765,458.3153128999984,459.29829289996997,459.29829289996997,459.29829289996997,459.29829289996997,459.31329079996794,460.2966262999689,460.2966262999689,460.8137803999707,z,1,0.5101132999407127,None,P005,001,,2025-10-03_21h45.06.202,MotorSequence,,2025.1.1,59.963650037788035,2025-10-03 21h45.13.769235 +0530,
-50,x,76,76,21,,,,,x,1,1.1440890999510884,None,,,,,21,76,76,0,460.831818100065,,,,,,,,,,,,,,,,460.81439529999625,460.831818100065,461.81485269998666,461.81485269998666,461.81485269998666,461.81485269998666,461.82982109999284,462.8132193000056,462.8132193000056,463.96384390001185,x,1,1.1440890999510884,None,P005,001,,2025-10-03_21h45.06.202,MotorSequence,,2025.1.1,59.963650037788035,2025-10-03 21h45.13.769235 +0530,
50,c,77,77,17,,,,,c,1,0.8345493000233546,None,,,,,17,77,77,2,463.9818547000177,,,,,,,,,,,,,,,,463.9645814000396,463.9818547000177,464.9647033000365,464.9647033000365,464.9647033000365,464.9647033000365,464.97964380006306,465.9631348999683,465.9631348999683,466.8139567000326,c,1,0.8345493000233546,None,P005,001,,2025-10-03_21h45.06.202,MotorSequence,,2025.1.1,59.963650037788035,2025-10-03 21h45.13.769235 +0530,
-150,z,78,78,18,,,,,z,1,0.4653806999558583,None,,,,,18,78,78,3,466.8313158999663,,,,,,,,,,,,,,,,466.8145417000633,466.8313158999663,467.8148029000731,467.8148029000731,467.8148029000731,467.8148029000731,467.8295962000266,468.82962420000695,468.82962420000695,469.29668729996774,z,1,0.4653806999558583,None,P005,001,,2025-10-03_21h45.06.202,MotorSequence,,2025.1.1,59.963650037788035,2025-10-03 21h45.13.769235 +0530,
-150,z,79,79,19,,,,,z,1,0.4523100999649614,None,,,,,19,79,79,3,469.31474609998986,,,,,,,,,,,,,,,,469.29734549997374,469.31474609998986,470.2982172999764,470.2982172999764,470.2982172999764,470.2982172999764,470.3126752000535,471.29621950001456,471.29621950001456,471.7638114000438,z,1,0.4523100999649614,None,P005,001,,2025-10-03_21h45.06.202,MotorSequence,,2025.1.1,59.963650037788035,2025-10-03 21h45.13.769235 +0530,
-150,z,80,80,20,,,,,z,1,0.48598990007303655,None,,,,,20,80,80,3,471.7815480000572,,,,,,,,,,,,,,,,471.7644656000193,471.7815480000572,472.76460470003076,472.76460470003076,472.76460470003076,472.76460470003076,472.7793900000397,473.76253750000615,473.76253750000615,474.263750800048,z,1,0.48598990007303655,None,P005,001,,2025-10-03_21h45.06.202,MotorSequence,,2025.1.1,59.963650037788035,2025-10-03 21h45.13.769235 +0530,
50,c,81,81,18,,,,,c,1,0.718619899940677,None,,,,,18,81,81,2,474.28118489996996,,,,,,,,,,,,,,,,474.2643362999661,474.28118489996996,475.2647383000003,475.2647383000003,475.2647383000003,475.2647383000003,475.2791852999944,476.2792056000326,476.2792056000326,477.0135292999912,c,1,0.718619899940677,None,P005,001,,2025-10-03_21h45.06.202,MotorSequence,,2025.1.1,59.963650037788035,2025-10-03 21h45.13.769235 +0530,
50,c,82,82,19,,,,,v,0,0.767357200034894,None,,,,,19,82,82,2,477.03087400004733,,,,,,,,,,,,,,,,477.01417440001387,477.03087400004733,478.01439590007067,478.01439590007067,478.01439590007067,478.01439590007067,478.0292519000359,479.02936739998404,479.02936739998404,479.8133926000446,v,0,0.767357200034894,None,P005,001,,2025-10-03_21h45.06.202,MotorSequence,,2025.1.1,59.963650037788035,2025-10-03 21h45.13.769235 +0530,
50,c,83,83,20,,,,,c,1,0.5539309999439865,None,,,,,20,83,83,2,479.83094840007834,,,,,,,,,,,,,,,,479.8139892000472,479.83094840007834,480.8143159999745,480.8143159999745,480.8143159999745,480.8143159999745,480.8293985000346,481.81249939999543,481.81249939999543,482.380042499979,c,1,0.5539309999439865,None,P005,001,,2025-10-03_21h45.06.202,MotorSequence,,2025.1.1,59.963650037788035,2025-10-03 21h45.13.769235 +0530,
150,v,84,84,20,,,,,v,1,0.5746492999605834,None,,,,,20,84,84,1,482.3978926000418,,,,,,,,,,,,,,,,482.38063620007597,482.3978926000418,483.38101030001417,483.38101030001417,483.38101030001417,483.38101030001417,483.3956537999911,484.37918170006014,484.37918170006014,484.9633147000568,v,1,0.5746492999605834,None,P005,001,,2025-10-03_21h45.06.202,MotorSequence,,2025.1.1,59.963650037788035,2025-10-03 21h45.13.769235 +0530,
50,c,85,85,21,,,,,x,0,0.5346455000108108,None,,,,,21,85,85,2,484.98112710006535,,,,,,,,,,,,,,,,484.96391300007235,484.98112710006535,485.96449380007107,485.96449380007107,485.96449380007107,485.96449380007107,485.97924999997485,486.9790626000613,486.9790626000613,487.52984990004916,x,0,0.5346455000108108,None,P005,001,,2025-10-03_21h45.06.202,MotorSequence,,2025.1.1,59.963650037788035,2025-10-03 21h45.13.769235 +0530,
-150,z,86,86,21,,,,,z,1,0.40855970000848174,None,,,,,21,86,86,3,487.54728930001147,,,,,,,,,,,,,,,,487.53048139996827,487.54728930001147,488.53098929999396,488.53098929999396,488.53098929999396,488.53098929999396,488.54570879996754,489.5287843999686,489.5287843999686,489.9461812999798,z,1,0.40855970000848174,None,P005,001,,2025-10-03_21h45.06.202,MotorSequence,,2025.1.1,59.963650037788035,2025-10-03 21h45.13.769235 +0530,
-50,x,87,87,22,,,,,x,1,0.41252700006589293,None,,,,,22,87,87,0,489.9642598000355,,,,,,,,,,,,,,,,489.9467815000098,489.9642598000355,490.94738679996226,490.94738679996226,490.94738679996226,490.94738679996226,490.96239480003715,491.945319200051,491.945319200051,492.36331250006333,x,1,0.41252700006589293,None,P005,001,,2025-10-03_21h45.06.202,MotorSequence,,2025.1.1,59.963650037788035,2025-10-03 21h45.13.769235 +0530,
150,v,88,88,21,,,,,v,1,1.4236076000379398,None,,,,,21,88,88,1,492.3804734000005,,,,,,,,,,,,,,,,492.3641574999783,492.3804734000005,493.36398000002373,493.36398000002373,493.36398000002373,493.36398000002373,493.3788863000227,494.37884430005215,494.37884430005215,495.8129266999895,v,1,1.4236076000379398,None,P005,001,,2025-10-03_21h45.06.202,MotorSequence,,2025.1.1,59.963650037788035,2025-10-03 21h45.13.769235 +0530,
150,v,89,89,22,,,,,v,1,0.84362250007689,None,,,,,22,89,89,1,495.8306012999965,,,,,,,,,,,,,,,,495.8135487000691,495.8306012999965,496.81409750005696,496.81409750005696,496.81409750005696,496.81409750005696,496.82894999999553,497.82843740005046,497.82843740005046,498.67975210002623,v,1,0.84362250007689,None,P005,001,,2025-10-03_21h45.06.202,MotorSequence,,2025.1.1,59.963650037788035,2025-10-03 21h45.13.769235 +0530,
-50,x,90,90,23,,,,,c,0,1.5783414000179619,None,,,,,23,90,90,0,498.6973846000619,,,,,,,,,,,,,,,,498.68038410006557,498.6973846000619,499.680693399976,499.680693399976,499.680693399976,499.680693399976,499.69513979996555,500.69540209998377,500.69540209998377,502.2793166000629,c,0,1.5783414000179619,None,P005,001,,2025-10-03_21h45.06.202,MotorSequence,,2025.1.1,59.963650037788035,2025-10-03 21h45.13.769235 +0530,
50,c,91,91,22,,,,,x,0,0.6423251000232995,None,,,,,22,91,91,2,502.2969299000688,,,,,,,,,,,,,,,,502.2799246000359,502.2969299000688,503.2807012000121,503.2807012000121,503.2807012000121,503.2807012000121,503.29537840001285,504.27868570003193,504.27868570003193,504.9293289000634,x,0,0.6423251000232995,None,P005,001,,2025-10-03_21h45.06.202,MotorSequence,,2025.1.1,59.963650037788035,2025-10-03 21h45.13.769235 +0530,
-150,z,92,92,22,,,,,z,1,0.51288840000052,None,,,,,22,92,92,3,504.9468579000095,,,,,,,,,,,,,,,,504.9300267000217,504.9468579000095,505.93040070007555,505.93040070007555,505.93040070007555,505.93040070007555,505.94534470001236,506.9283957000589,506.9283957000589,507.4455251999898,z,1,0.51288840000052,None,P005,001,,2025-10-03_21h45.06.202,MotorSequence,,2025.1.1,59.963650037788035,2025-10-03 21h45.13.769235 +0530,
150,v,93,93,23,,,,,v,1,0.6785909000318497,None,,,,,23,93,93,1,507.4638319000369,,,,,,,,,,,,,,,,507.4460825000424,507.4638319000369,508.4468416000018,508.4468416000018,508.4468416000018,508.4468416000018,508.4614693999756,509.4446258000098,509.4446258000098,510.12998890003655,v,1,0.6785909000318497,None,P005,001,,2025-10-03_21h45.06.202,MotorSequence,,2025.1.1,59.963650037788035,2025-10-03 21h45.13.769235 +0530,
-150,z,94,94,23,,,,,z,1,0.32843310001771897,None,,,,,23,94,94,3,510.14656420005485,,,,,,,,,,,,,,,,510.130575499963,510.14656420005485,511.13034639996476,511.13034639996476,511.13034639996476,511.13034639996476,511.14501290000044,512.1450681000715,512.1450681000715,512.4787822000217,z,1,0.32843310001771897,None,P005,001,,2025-10-03_21h45.06.202,MotorSequence,,2025.1.1,59.963650037788035,2025-10-03 21h45.13.769235 +0530,
50,c,95,95,23,,,,,c,1,0.529367099981755,None,,,,,23,95,95,2,512.4969092999818,,,,,,,,,,,,,,,,512.4793977000518,512.4969092999818,513.4803346999688,513.4803346999688,513.4803346999688,513.4803346999688,513.4945278000087,514.478071999969,514.478071999969,515.0125286000548,c,1,0.529367099981755,None,P005,001,,2025-10-03_21h45.06.202,MotorSequence,,2025.1.1,59.963650037788035,2025-10-03 21h45.13.769235 +0530,
-50,x,96,96,24,,,,,x,1,0.3710159999318421,None,,,,,24,96,96,0,515.0300691999728,,,,,,,,,,,,,,,,515.0131928999908,515.0300691999728,516.0135878999718,516.0135878999718,516.0135878999718,516.0135878999718,516.0282995000016,517.0116957999999,517.0116957999999,517.3956298000412,x,1,0.3710159999318421,None,P005,001,,2025-10-03_21h45.06.202,MotorSequence,,2025.1.1,59.963650037788035,2025-10-03 21h45.13.769235 +0530,
-150,z,97,97,24,,,,,z,1,0.4225706000579521,None,,,,,24,97,97,3,517.4134797999868,,,,,,,,,,,,,,,,517.3962581000524,517.4134797999868,518.3969755000435,518.3969755000435,518.3969755000435,518.3969755000435,518.411363100051,519.3946716999635,519.3946716999635,519.828973100055,z,1,0.4225706000579521,None,P005,001,,2025-10-03_21h45.06.202,MotorSequence,,2025.1.1,59.963650037788035,2025-10-03 21h45.13.769235 +0530,
150,v,98,98,24,,,,,v,1,0.3881217000307515,None,,,,,24,98,98,1,519.8468322000699,,,,,,,,,,,,,,,,519.8295590999769,519.8468322000699,520.8302409000462,520.8302409000462,520.8302409000462,520.8302409000462,520.8445393000729,521.8449021000415,521.8449021000415,522.2458550999872,v,1,0.3881217000307515,None,P005,001,,2025-10-03_21h45.06.202,MotorSequence,,2025.1.1,59.963650037788035,2025-10-03 21h45.13.769235 +0530,
50,c,99,99,24,,,,,c,1,0.6141500000376254,None,,,,,24,99,99,2,522.263392599998,,,,,,,,,,,,,,,,522.2465092000784,522.263392599998,523.2465535000665,523.2465535000665,523.2465535000665,523.2465535000665,523.2613867999753,524.2615847999696,524.2615847999696,524.8790978000034,c,1,0.6141500000376254,None,P005,001,,2025-10-03_21h45.06.202,MotorSequence,,2025.1.1,59.963650037788035,2025-10-03 21h45.13.769235 +0530,
