thisN,thisTrialN,thisRepN,mouse.x,mouse.y,mouse.leftButton,mouse.midButton,mouse.rightButton,mouse.time,mouse.clicked_name,trials.thisRepN,trials.thisTrialN,trials.thisN,trials.thisIndex,thisRow.t,notes,num_distr,trial.started,Fixation.started,Target.started,mouse.started,trial.stopped,trials.mouse.x,trials.mouse.y,trials.mouse.leftButton,trials.mouse.midButton,trials.mouse.rightButton,trials.mouse.time,trials.mouse.clicked_name,participant,session,date,expName,expVersion,psychopyVersion,frameRate,expStart,
0,0,0,[np.float64(-0.25833333333333336)],[np.float64(-0.20972222222222223)],[1],[0],[0],[1.2665627999813296],['Target'],0,0,0,0,0.10048789996653795,,10,0.0691440999507904,0.10048789996653795,0.10048789996653795,0.06918349995976314,1.3358134999871254,[np.float64(-0.25833333333333336)],[np.float64(-0.20972222222222223)],[1],[0],[0],[1.2665627999813296],['Target'],P2,001,2025-09-30_15h34.46.001,VisualSearch,,2025.1.1,59.38284597376438,2025-09-30 15h34.50.277263 +0530,
1,0,1,[np.float64(-0.23194444444444445)],[np.float64(0.14722222222222223)],[1],[0],[0],[0.9194484000327066],[None],1,0,1,0,1.3675119999679737,,5,1.355928499950096,1.3675119999679737,1.3675119999679737,0.019864600035361946,2.275527499965392,[np.float64(-0.23194444444444445)],[np.float64(0.14722222222222223)],[1],[0],[0],[0.9194484000327066],[None],P2,001,2025-09-30_15h34.46.001,VisualSearch,,2025.1.1,59.38284597376438,2025-09-30 15h34.50.277263 +0530,
2,0,2,[np.float64(-0.3138888888888889)],[np.float64(-0.24861111111111112)],[1],[0],[0],[0.8554163000080734],[None],2,0,2,0,2.3508641999796964,,10,2.3228046000003815,2.3508641999796964,2.3508641999796964,0.04698869999265298,3.1784218999673612,[np.float64(-0.3138888888888889)],[np.float64(-0.24861111111111112)],[1],[0],[0],[0.8554163000080734],[None],P2,001,2025-09-30_15h34.46.001,VisualSearch,,2025.1.1,59.38284597376438,2025-09-30 15h34.50.277263 +0530,
3,0,3,[np.float64(0.009722222222222222)],[np.float64(0.4486111111111111)],[1],[0],[0],[1.2412541000521742],[None],3,0,3,0,3.2340644999640062,,10,3.213723699969705,3.2340644999640062,3.2340644999640062,0.034791700018104166,4.455189600004815,[np.float64(0.009722222222222222)],[np.float64(0.4486111111111111)],[1],[0],[0],[1.2412541000521742],[None],P2,001,2025-09-30_15h34.46.001,VisualSearch,,2025.1.1,59.38284597376438,2025-09-30 15h34.50.277263 +0530,
4,0,4,[np.float64(0.17222222222222222)],[np.float64(-0.19027777777777777)],[1],[0],[0],[1.0754463999764994],[None],4,0,4,0,4.500587799993809,,5,4.483777299989015,4.500587799993809,4.500587799993809,0.02810140000656247,5.559381500002928,[np.float64(0.17222222222222222)],[np.float64(-0.19027777777777777)],[1],[0],[0],[1.0754463999764994],[None],P2,001,2025-09-30_15h34.46.001,VisualSearch,,2025.1.1,59.38284597376438,2025-09-30 15h34.50.277263 +0530,
5,0,5,[np.float64(0.31666666666666665)],[np.float64(-0.19722222222222222)],[1],[0],[0],[1.0836076999548823],['Target'],5,0,5,0,5.61709679994965,,10,5.604632199974731,5.61709679994965,5.61709679994965,0.044979400001466274,6.6884615999879315,[np.float64(0.31666666666666665)],[np.float64(-0.19722222222222222)],[1],[0],[0],[1.0836076999548823],['Target'],P2,001,2025-09-30_15h34.46.001,VisualSearch,,2025.1.1,59.38284597376438,2025-09-30 15h34.50.277263 +0530,
6,0,6,[np.float64(0.5013888888888889)],[np.float64(0.18888888888888888)],[1],[0],[0],[1.0240514000179246],['Target'],6,0,6,0,6.7333826999529265,,10,6.718853099970147,6.7333826999529265,6.7333826999529265,0.029866700002457947,7.743052999954671,[np.float64(0.5013888888888889)],[np.float64(0.18888888888888888)],[1],[0],[0],[1.0240514000179246],['Target'],P2,001,2025-09-30_15h34.46.001,VisualSearch,,2025.1.1,59.38284597376438,2025-09-30 15h34.50.277263 +0530,
7,0,7,[np.float64(-0.09305555555555556)],[np.float64(0.15416666666666667)],[1],[0],[0],[1.023591499950271],[None],7,0,7,0,7.8512136999634095,,5,7.7692181000020355,7.8512136999634095,7.8512136999634095,0.025819300033617765,8.792958299978636,[np.float64(-0.09305555555555556)],[np.float64(0.15416666666666667)],[1],[0],[0],[1.023591499950271],[None],P2,001,2025-09-30_15h34.46.001,VisualSearch,,2025.1.1,59.38284597376438,2025-09-30 15h34.50.277263 +0530,
8,0,8,[np.float64(-0.16111111111111112)],[np.float64(0.027777777777777776)],[1],[0],[0],[0.7448951000114903],[None],8,0,8,0,8.850247299997136,,10,8.83221439999761,8.850247299997136,8.850247299997136,0.03897829999914393,9.577351199986879,[np.float64(-0.16111111111111112)],[np.float64(0.027777777777777776)],[1],[0],[0],[0.7448951000114903],[None],P2,001,2025-09-30_15h34.46.001,VisualSearch,,2025.1.1,59.38284597376438,2025-09-30 15h34.50.277263 +0530,
9,0,9,[np.float64(-0.39861111111111114)],[np.float64(-0.3375)],[1],[0],[0],[1.1116999000078067],['Target'],9,0,9,0,9.633747399959248,,5,9.608663099992555,9.633747399959248,9.633747399959248,0.030850899987854064,10.720484199991915,[np.float64(-0.39861111111111114)],[np.float64(-0.3375)],[1],[0],[0],[1.1116999000078067],['Target'],P2,001,2025-09-30_15h34.46.001,VisualSearch,,2025.1.1,59.38284597376438,2025-09-30 15h34.50.277263 +0530,
10,0,10,[np.float64(0.2152777777777778)],[np.float64(0.10138888888888889)],[1],[0],[0],[0.8107121999491937],['Target'],10,0,10,0,10.766878199996427,,5,10.748375399969518,10.766878199996427,10.766878199996427,0.027546399971470237,11.55924380000215,[np.float64(0.2152777777777778)],[np.float64(0.10138888888888889)],[1],[0],[0],[0.8107121999491937],['Target'],P2,001,2025-09-30_15h34.46.001,VisualSearch,,2025.1.1,59.38284597376438,2025-09-30 15h34.50.277263 +0530,
11,0,11,[np.float64(-0.18611111111111112)],[np.float64(0.41388888888888886)],[1],[0],[0],[1.240789900009986],['Target'],11,0,11,0,11.616518999973778,,10,11.596964699972887,11.616518999973778,11.616518999973778,0.037457200000062585,12.837845399975777,[np.float64(-0.18611111111111112)],[np.float64(0.41388888888888886)],[1],[0],[0],[1.240789900009986],['Target'],P2,001,2025-09-30_15h34.46.001,VisualSearch,,2025.1.1,59.38284597376438,2025-09-30 15h34.50.277263 +0530,
12,0,12,[np.float64(-0.44722222222222224)],[np.float64(-0.4791666666666667)],[1],[0],[0],[1.3488638999988325],['Target'],12,0,12,0,12.882748499978334,,10,12.860349199967459,12.882748499978334,12.882748499978334,0.022319899988360703,14.209361399989575,[np.float64(-0.44722222222222224)],[np.float64(-0.4791666666666667)],[1],[0],[0],[1.3488638999988325],['Target'],P2,001,2025-09-30_15h34.46.001,VisualSearch,,2025.1.1,59.38284597376438,2025-09-30 15h34.50.277263 +0530,
13,0,13,[np.float64(0.49583333333333335)],[np.float64(-0.07916666666666666)],[1],[0],[0],[1.2572757000452839],['Target'],13,0,13,0,14.250585899979342,,5,14.235754999972414,14.250585899979342,14.250585899979342,0.02609830000437796,15.49316989997169,[np.float64(0.49583333333333335)],[np.float64(-0.07916666666666666)],[1],[0],[0],[1.2572757000452839],['Target'],P2,001,2025-09-30_15h34.46.001,VisualSearch,,2025.1.1,59.38284597376438,2025-09-30 15h34.50.277263 +0530,
14,0,14,[np.float64(-0.21944444444444444)],[np.float64(-0.2986111111111111)],[1],[0],[0],[1.1404093999881297],['Target'],14,0,14,0,15.533550699998159,,5,15.518723399960436,15.533550699998159,15.533550699998159,0.025285699986852705,16.659332099952735,[np.float64(-0.21944444444444444)],[np.float64(-0.2986111111111111)],[1],[0],[0],[1.1404093999881297],['Target'],P2,001,2025-09-30_15h34.46.001,VisualSearch,,2025.1.1,59.38284597376438,2025-09-30 15h34.50.277263 +0530,
15,0,15,[np.float64(-0.22916666666666666)],[np.float64(0.3013888888888889)],[1],[0],[0],[1.2050196999916807],['Target'],15,0,15,0,16.716589299961925,,10,16.700550699955784,16.716589299961925,16.716589299961925,0.04081650002626702,17.905704799981322,[np.float64(-0.22916666666666666)],[np.float64(0.3013888888888889)],[1],[0],[0],[1.2050196999916807],['Target'],P2,001,2025-09-30_15h34.46.001,VisualSearch,,2025.1.1,59.38284597376438,2025-09-30 15h34.50.277263 +0530,
16,0,16,[np.float64(0.4375)],[np.float64(0.1388888888888889)],[1],[0],[0],[1.104490199999418],['Target'],16,0,16,0,17.949486800003797,,10,17.93212129996391,17.949486800003797,17.949486800003797,0.026097299996763468,19.03672449995065,[np.float64(0.4375)],[np.float64(0.1388888888888889)],[1],[0],[0],[1.104490199999418],['Target'],P2,001,2025-09-30_15h34.46.001,VisualSearch,,2025.1.1,59.38284597376438,2025-09-30 15h34.50.277263 +0530,
17,0,17,[np.float64(0.0875)],[np.float64(0.2263888888888889)],[1],[0],[0],[1.1867981999530457],['Target'],17,0,17,0,19.0668716999935,,5,19.055396699986886,19.0668716999935,19.0668716999935,0.018374300037976354,20.24235079996288,[np.float64(0.0875)],[np.float64(0.2263888888888889)],[1],[0],[0],[1.1867981999530457],['Target'],P2,001,2025-09-30_15h34.46.001,VisualSearch,,2025.1.1,59.38284597376438,2025-09-30 15h34.50.277263 +0530,
18,0,18,[np.float64(-0.46111111111111114)],[np.float64(-0.1736111111111111)],[1],[0],[0],[0.9526848000241444],['Target'],18,0,18,0,20.300378799962346,,5,20.272353699954692,20.300378799962346,20.300378799962346,0.029757000040262938,21.225212499964982,[np.float64(-0.46111111111111114)],[np.float64(-0.1736111111111111)],[1],[0],[0],[0.9526848000241444],['Target'],P2,001,2025-09-30_15h34.46.001,VisualSearch,,2025.1.1,59.38284597376438,2025-09-30 15h34.50.277263 +0530,
19,0,19,[np.float64(0.45416666666666666)],[np.float64(0.20416666666666666)],[1],[0],[0],[1.2975661000236869],['Target'],19,0,19,0,21.283059799985494,,5,21.262861599971075,21.283059799985494,21.283059799985494,0.03726670000469312,22.560563499981072,[np.float64(0.45416666666666666)],[np.float64(0.20416666666666666)],[1],[0],[0],[1.2975661000236869],['Target'],P2,001,2025-09-30_15h34.46.001,VisualSearch,,2025.1.1,59.38284597376438,2025-09-30 15h34.50.277263 +0530,
20,0,20,[np.float64(0.19722222222222222)],[np.float64(-0.35138888888888886)],[1],[0],[0],[1.1499642999842763],['Target'],20,0,20,0,22.617012799950317,,5,22.591209599981084,22.617012799950317,22.617012799950317,0.030363700003363192,23.741305799980182,[np.float64(0.19722222222222222)],[np.float64(-0.35138888888888886)],[1],[0],[0],[1.1499642999842763],['Target'],P2,001,2025-09-30_15h34.46.001,VisualSearch,,2025.1.1,59.38284597376438,2025-09-30 15h34.50.277263 +0530,
21,0,21,[np.float64(0.4638888888888889)],[np.float64(0.25416666666666665)],[1],[0],[0],[1.3002858000108972],['Target'],21,0,21,0,23.766154399956577,,5,23.757407500001136,23.766154399956577,23.766154399956577,0.015794200007803738,25.057840699970257,[np.float64(0.4638888888888889)],[np.float64(0.25416666666666665)],[1],[0],[0],[1.3002858000108972],['Target'],P2,001,2025-09-30_15h34.46.001,VisualSearch,,2025.1.1,59.38284597376438,2025-09-30 15h34.50.277263 +0530,
22,0,22,[np.float64(-0.2111111111111111)],[np.float64(0.18888888888888888)],[1],[0],[0],[1.445580500003416],['Target'],22,0,22,0,25.09982989996206,,5,25.083850499999244,25.09982989996206,25.09982989996206,0.025693200004752725,26.52965199999744,[np.float64(-0.2111111111111111)],[np.float64(0.18888888888888888)],[1],[0],[0],[1.445580500003416],['Target'],P2,001,2025-09-30_15h34.46.001,VisualSearch,,2025.1.1,59.38284597376438,2025-09-30 15h34.50.277263 +0530,
23,0,23,[np.float64(0.35)],[np.float64(0.37083333333333335)],[1],[0],[0],[1.282566699956078],[None],23,0,23,0,26.58498200000031,,5,26.55916409997735,26.58498200000031,26.58498200000031,0.029076100036036223,27.841892700002063,[np.float64(0.35)],[np.float64(0.37083333333333335)],[1],[0],[0],[1.282566699956078],[None],P2,001,2025-09-30_15h34.46.001,VisualSearch,,2025.1.1,59.38284597376438,2025-09-30 15h34.50.277263 +0530,
24,0,24,[np.float64(0.275)],[np.float64(0.2125)],[1],[0],[0],[1.5757257000077516],['Target'],24,0,24,0,27.89987269998528,,10,27.883254099986516,27.89987269998528,27.89987269998528,0.04108340002130717,29.45912600000156,[np.float64(0.275)],[np.float64(0.2125)],[1],[0],[0],[1.5757257000077516],['Target'],P2,001,2025-09-30_15h34.46.001,VisualSearch,,2025.1.1,59.38284597376438,2025-09-30 15h34.50.277263 +0530,
25,0,25,[np.float64(-0.3236111111111111)],[np.float64(0.22361111111111112)],[1],[0],[0],[1.9593944000080228],['Target'],25,0,25,0,29.51648709998699,,10,29.498967999999877,29.51648709998699,29.51648709998699,0.03951119998237118,31.458505999995396,[np.float64(-0.3236111111111111)],[np.float64(0.22361111111111112)],[1],[0],[0],[1.9593944000080228],['Target'],P2,001,2025-09-30_15h34.46.001,VisualSearch,,2025.1.1,59.38284597376438,2025-09-30 15h34.50.277263 +0530,
26,0,26,[np.float64(0.1375)],[np.float64(-0.09583333333333334)],[1],[0],[0],[1.0378514000331052],['Target'],26,0,26,0,31.499447099980898,,5,31.487426799954847,31.499447099980898,31.499447099980898,0.028610599983949214,32.52541399997426,[np.float64(0.1375)],[np.float64(-0.09583333333333334)],[1],[0],[0],[1.0378514000331052],['Target'],P2,001,2025-09-30_15h34.46.001,VisualSearch,,2025.1.1,59.38284597376438,2025-09-30 15h34.50.277263 +0530,
27,0,27,[np.float64(0.08888888888888889)],[np.float64(-0.4013888888888889)],[1],[0],[0],[1.2886022999882698],['Target'],27,0,27,0,32.58296289999271,,10,32.569453299976885,32.58296289999271,32.58296289999271,0.04376050003338605,33.85824939998565,[np.float64(0.08888888888888889)],[np.float64(-0.4013888888888889)],[1],[0],[0],[1.2886022999882698],['Target'],P2,001,2025-09-30_15h34.46.001,VisualSearch,,2025.1.1,59.38284597376438,2025-09-30 15h34.50.277263 +0530,
28,0,28,[np.float64(-0.016666666666666666)],[np.float64(-0.28888888888888886)],[1],[0],[0],[0.9073869999847375],['Target'],28,0,28,0,33.8998151999549,,5,33.88593539997237,33.8998151999549,33.8998151999549,0.02737409999826923,34.79345309996279,[np.float64(-0.016666666666666666)],[np.float64(-0.28888888888888886)],[1],[0],[0],[0.9073869999847375],['Target'],P2,001,2025-09-30_15h34.46.001,VisualSearch,,2025.1.1,59.38284597376438,2025-09-30 15h34.50.277263 +0530,
29,0,29,[np.float64(0.41805555555555557)],[np.float64(-0.3013888888888889)],[1],[0],[0],[1.60878369997954],['Target'],29,0,29,0,34.849460800003726,,10,34.83269889996154,34.849460800003726,34.849460800003726,0.038978900003712624,36.44162999995751,[np.float64(0.41805555555555557)],[np.float64(-0.3013888888888889)],[1],[0],[0],[1.60878369997954],['Target'],P2,001,2025-09-30_15h34.46.001,VisualSearch,,2025.1.1,59.38284597376438,2025-09-30 15h34.50.277263 +0530,
30,0,30,[np.float64(0.36666666666666664)],[np.float64(-0.3972222222222222)],[1],[0],[0],[1.271866700029932],['Target'],30,0,30,0,36.51677479996579,,10,36.48569369997131,36.51677479996579,36.51677479996579,0.0437411000020802,37.757706599950325,[np.float64(0.36666666666666664)],[np.float64(-0.3972222222222222)],[1],[0],[0],[1.271866700029932],['Target'],P2,001,2025-09-30_15h34.46.001,VisualSearch,,2025.1.1,59.38284597376438,2025-09-30 15h34.50.277263 +0530,
31,0,31,[np.float64(0.2569444444444444)],[np.float64(0.425)],[1],[0],[0],[1.3636946000042371],['Target'],31,0,31,0,37.81684149999637,,10,37.79420999996364,37.81684149999637,37.81684149999637,0.036064599989913404,39.15805189998355,[np.float64(0.2569444444444444)],[np.float64(0.425)],[1],[0],[0],[1.3636946000042371],['Target'],P2,001,2025-09-30_15h34.46.001,VisualSearch,,2025.1.1,59.38284597376438,2025-09-30 15h34.50.277263 +0530,
32,0,32,[np.float64(-0.24583333333333332)],[np.float64(0.38333333333333336)],[1],[0],[0],[1.0721469999989495],['Target'],32,0,32,0,39.19945259997621,,5,39.18252360000042,39.19945259997621,39.19945259997621,0.02411729999585077,40.25476889999118,[np.float64(-0.24583333333333332)],[np.float64(0.38333333333333336)],[1],[0],[0],[1.0721469999989495],['Target'],P2,001,2025-09-30_15h34.46.001,VisualSearch,,2025.1.1,59.38284597376438,2025-09-30 15h34.50.277263 +0530,
33,0,33,[np.float64(-0.08472222222222223)],[np.float64(-0.3138888888888889)],[1],[0],[0],[1.0833218999905512],['Target'],33,0,33,0,40.28239799995208,,5,40.269466599973384,40.28239799995208,40.28239799995208,0.014476299984380603,41.35292549995938,[np.float64(-0.08472222222222223)],[np.float64(-0.3138888888888889)],[1],[0],[0],[1.0833218999905512],['Target'],P2,001,2025-09-30_15h34.46.001,VisualSearch,,2025.1.1,59.38284597376438,2025-09-30 15h34.50.277263 +0530,
34,0,34,[np.float64(0.3416666666666667)],[np.float64(0.29444444444444445)],[1],[0],[0],[1.243398199963849],['Target'],34,0,34,0,41.41601469996385,,10,41.392398299998604,41.41601469996385,41.41601469996385,0.039183099986985326,42.63592269999208,[np.float64(0.3416666666666667)],[np.float64(0.29444444444444445)],[1],[0],[0],[1.243398199963849],['Target'],P2,001,2025-09-30_15h34.46.001,VisualSearch,,2025.1.1,59.38284597376438,2025-09-30 15h34.50.277263 +0530,
35,0,35,[np.float64(0.4638888888888889)],[np.float64(0.0763888888888889)],[1],[0],[0],[0.9931445000111125],['Target'],35,0,35,0,42.66659569996409,,5,42.648628299997654,42.66659569996409,42.66659569996409,0.012358699983451515,43.64191750000464,[np.float64(0.4638888888888889)],[np.float64(0.0763888888888889)],[1],[0],[0],[0.9931445000111125],['Target'],P2,001,2025-09-30_15h34.46.001,VisualSearch,,2025.1.1,59.38284597376438,2025-09-30 15h34.50.277263 +0530,
36,0,36,[np.float64(0.30972222222222223)],[np.float64(0.475)],[1],[0],[0],[1.4908746999572031],['Target'],36,0,36,0,43.69953579996945,,10,43.68433709995588,43.69953579996945,43.69953579996945,0.04211050004232675,45.175366599985864,[np.float64(0.30972222222222223)],[np.float64(0.475)],[1],[0],[0],[1.4908746999572031],['Target'],P2,001,2025-09-30_15h34.46.001,VisualSearch,,2025.1.1,59.38284597376438,2025-09-30 15h34.50.277263 +0530,
37,0,37,[np.float64(0.44305555555555554)],[np.float64(0.30694444444444446)],[1],[0],[0],[0.9980732999974862],['Target'],37,0,37,0,45.249397499952465,,10,45.22136239998508,45.249397499952465,45.249397499952465,0.04566940001677722,46.21952919999603,[np.float64(0.44305555555555554)],[np.float64(0.30694444444444446)],[1],[0],[0],[0.9980732999974862],['Target'],P2,001,2025-09-30_15h34.46.001,VisualSearch,,2025.1.1,59.38284597376438,2025-09-30 15h34.50.277263 +0530,
38,0,38,[np.float64(0.35)],[np.float64(0.05)],[1],[0],[0],[1.2163788999896497],['Target'],38,0,38,0,46.28257969999686,,10,46.25844879995566,46.28257969999686,46.28257969999686,0.03864429995883256,47.475053299975116,[np.float64(0.35)],[np.float64(0.05)],[1],[0],[0],[1.2163788999896497],['Target'],P2,001,2025-09-30_15h34.46.001,VisualSearch,,2025.1.1,59.38284597376438,2025-09-30 15h34.50.277263 +0530,
39,0,39,[np.float64(-0.15555555555555556)],[np.float64(0.4097222222222222)],[1],[0],[0],[1.3463001000345685],['Target'],39,0,39,0,47.549160499998834,,10,47.52295509999385,47.549160499998834,47.549160499998834,0.04741100000683218,48.869429799960926,[np.float64(-0.15555555555555556)],[np.float64(0.4097222222222222)],[1],[0],[0],[1.3463001000345685],['Target'],P2,001,2025-09-30_15h34.46.001,VisualSearch,,2025.1.1,59.38284597376438,2025-09-30 15h34.50.277263 +0530,
40,0,40,[np.float64(-0.27361111111111114)],[np.float64(-0.25277777777777777)],[1],[0],[0],[1.3652118999743834],['Target'],40,0,40,0,48.91563750000205,,5,48.89224799996009,48.91563750000205,48.91563750000205,0.022482700005639344,50.257652000000235,[np.float64(-0.27361111111111114)],[np.float64(-0.25277777777777777)],[1],[0],[0],[1.3652118999743834],['Target'],P2,001,2025-09-30_15h34.46.001,VisualSearch,,2025.1.1,59.38284597376438,2025-09-30 15h34.50.277263 +0530,
41,0,41,[np.float64(-0.09722222222222222)],[np.float64(-0.12083333333333333)],[1],[0],[0],[1.0046084999921732],['Target'],41,0,41,0,50.29926869994961,,5,50.28173919999972,50.29926869994961,50.29926869994961,0.023688999994192272,51.28649609995773,[np.float64(-0.09722222222222222)],[np.float64(-0.12083333333333333)],[1],[0],[0],[1.0046084999921732],['Target'],P2,001,2025-09-30_15h34.46.001,VisualSearch,,2025.1.1,59.38284597376438,2025-09-30 15h34.50.277263 +0530,
42,0,42,[np.float64(-0.18333333333333332)],[np.float64(-0.07777777777777778)],[0],[0],[1],[0.6425929000251926],[None],42,0,42,0,51.33283539995318,,5,51.310775899968576,51.33283539995318,51.33283539995318,0.023961200029589236,51.95347809995292,[np.float64(-0.18333333333333332)],[np.float64(-0.07777777777777778)],[0],[0],[1],[0.6425929000251926],[None],P2,001,2025-09-30_15h34.46.001,VisualSearch,,2025.1.1,59.38284597376438,2025-09-30 15h34.50.277263 +0530,
43,0,43,[np.float64(0.1625)],[np.float64(-0.13055555555555556)],[1],[0],[0],[1.3527378999860957],['Target'],43,0,43,0,51.982258899952285,,5,51.96685509994859,51.982258899952285,51.982258899952285,0.013155399996321648,53.31968339998275,[np.float64(0.1625)],[np.float64(-0.13055555555555556)],[1],[0],[0],[1.3527378999860957],['Target'],P2,001,2025-09-30_15h34.46.001,VisualSearch,,2025.1.1,59.38284597376438,2025-09-30 15h34.50.277263 +0530,
44,0,44,[np.float64(0.36944444444444446)],[np.float64(-0.19444444444444445)],[1],[0],[0],[0.8999167999718338],['Target'],44,0,44,0,53.350700499955565,,5,53.33375189994695,53.350700499955565,53.350700499955565,0.013934299990069121,54.23374309996143,[np.float64(0.36944444444444446)],[np.float64(-0.19444444444444445)],[1],[0],[0],[0.8999167999718338],['Target'],P2,001,2025-09-30_15h34.46.001,VisualSearch,,2025.1.1,59.38284597376438,2025-09-30 15h34.50.277263 +0530,
45,0,45,[np.float64(0.19166666666666668)],[np.float64(-0.48194444444444445)],[1],[0],[0],[1.342234899988398],['Target'],45,0,45,0,54.28180060000159,,10,54.25847209995845,54.28180060000159,54.28180060000159,0.024578999960795045,55.60077859996818,[np.float64(0.19166666666666668)],[np.float64(-0.48194444444444445)],[1],[0],[0],[1.342234899988398],['Target'],P2,001,2025-09-30_15h34.46.001,VisualSearch,,2025.1.1,59.38284597376438,2025-09-30 15h34.50.277263 +0530,
46,0,46,[np.float64(0.059722222222222225)],[np.float64(-0.05555555555555555)],[1],[0],[0],[1.1258557999972254],['Target'],46,0,46,0,55.64865109999664,,10,55.62481389997993,55.64865109999664,55.64865109999664,0.023839900037273765,56.75076159997843,[np.float64(0.059722222222222225)],[np.float64(-0.05555555555555555)],[1],[0],[0],[1.1258557999972254],['Target'],P2,001,2025-09-30_15h34.46.001,VisualSearch,,2025.1.1,59.38284597376438,2025-09-30 15h34.50.277263 +0530,
47,0,47,[np.float64(0.4222222222222222)],[np.float64(-0.29305555555555557)],[1],[0],[0],[1.1095962999970652],['Target'],47,0,47,0,56.815557900001295,,10,56.79783769999631,56.815557900001295,56.815557900001295,0.0469312000204809,57.907563799992204,[np.float64(0.4222222222222222)],[np.float64(-0.29305555555555557)],[1],[0],[0],[1.1095962999970652],['Target'],P2,001,2025-09-30_15h34.46.001,VisualSearch,,2025.1.1,59.38284597376438,2025-09-30 15h34.50.277263 +0530,
48,0,48,[np.float64(-0.006944444444444444)],[np.float64(0.13472222222222222)],[1],[0],[0],[0.982298000017181],['Target'],48,0,48,0,57.965776600001846,,10,57.94208729994716,57.965776600001846,57.965776600001846,0.03418979997513816,58.92456339998171,[np.float64(-0.006944444444444444)],[np.float64(0.13472222222222222)],[1],[0],[0],[0.982298000017181],['Target'],P2,001,2025-09-30_15h34.46.001,VisualSearch,,2025.1.1,59.38284597376438,2025-09-30 15h34.50.277263 +0530,
49,0,49,[np.float64(0.18333333333333332)],[np.float64(-0.4791666666666667)],[1],[0],[0],[1.1358883999637328],['Target'],49,0,49,0,58.982075799955055,,10,58.965356799948495,58.982075799955055,58.982075799955055,0.04045390000101179,60.10133459995268,[np.float64(0.18333333333333332)],[np.float64(-0.4791666666666667)],[1],[0],[0],[1.1358883999637328],['Target'],P2,001,2025-09-30_15h34.46.001,VisualSearch,,2025.1.1,59.38284597376438,2025-09-30 15h34.50.277263 +0530,
50,0,50,[np.float64(0.24722222222222223)],[np.float64(-0.3236111111111111)],[1],[0],[0],[1.064578099991195],[None],50,0,50,0,60.14844359998824,,10,60.13821619999362,60.14844359998824,60.14844359998824,0.03669629996875301,61.20294319995446,[np.float64(0.24722222222222223)],[np.float64(-0.3236111111111111)],[1],[0],[0],[1.064578099991195],[None],P2,001,2025-09-30_15h34.46.001,VisualSearch,,2025.1.1,59.38284597376438,2025-09-30 15h34.50.277263 +0530,
51,0,51,[np.float64(-0.3597222222222222)],[np.float64(0.35694444444444445)],[1],[0],[0],[1.737565400020685],['Target'],51,0,51,0,61.23257939994801,,5,61.2203364999732,61.23257939994801,61.23257939994801,0.017024800006765872,62.95809559995541,[np.float64(-0.3597222222222222)],[np.float64(0.35694444444444445)],[1],[0],[0],[1.737565400020685],['Target'],P2,001,2025-09-30_15h34.46.001,VisualSearch,,2025.1.1,59.38284597376438,2025-09-30 15h34.50.277263 +0530,
52,0,52,[np.float64(-0.30833333333333335)],[np.float64(-0.19305555555555556)],[1],[0],[0],[1.2900596000254154],['Target'],52,0,52,0,62.99893069994869,,5,62.98371949995635,62.99893069994869,62.99893069994869,0.025208899984136224,64.27391920000082,[np.float64(-0.30833333333333335)],[np.float64(-0.19305555555555556)],[1],[0],[0],[1.2900596000254154],['Target'],P2,001,2025-09-30_15h34.46.001,VisualSearch,,2025.1.1,59.38284597376438,2025-09-30 15h34.50.277263 +0530,
53,0,53,[np.float64(0.3458333333333333)],[np.float64(0.16666666666666666)],[1],[0],[0],[1.4675279000075534],['Target'],53,0,53,0,64.34900960000232,,10,64.32139299996197,64.34900960000232,64.34900960000232,0.047151400009170175,65.78898839995963,[np.float64(0.3458333333333333)],[np.float64(0.16666666666666666)],[1],[0],[0],[1.4675279000075534],['Target'],P2,001,2025-09-30_15h34.46.001,VisualSearch,,2025.1.1,59.38284597376438,2025-09-30 15h34.50.277263 +0530,
54,0,54,[np.float64(-0.24166666666666667)],[np.float64(0.1)],[1],[0],[0],[1.0367378999944776],['Target'],54,0,54,0,65.8149684999953,,5,65.8039495999692,65.8149684999953,65.8149684999953,0.014810799970291555,66.8408832999994,[np.float64(-0.24166666666666667)],[np.float64(0.1)],[1],[0],[0],[1.0367378999944776],['Target'],P2,001,2025-09-30_15h34.46.001,VisualSearch,,2025.1.1,59.38284597376438,2025-09-30 15h34.50.277263 +0530,
55,0,55,[np.float64(0.4875)],[np.float64(-0.22916666666666666)],[1],[0],[0],[1.4123606000212021],['Target'],55,0,55,0,66.91527259995928,,10,66.88887359999353,66.91527259995928,66.91527259995928,0.047592599992640316,68.30133669998031,[np.float64(0.4875)],[np.float64(-0.22916666666666666)],[1],[0],[0],[1.4123606000212021],['Target'],P2,001,2025-09-30_15h34.46.001,VisualSearch,,2025.1.1,59.38284597376438,2025-09-30 15h34.50.277263 +0530,
56,0,56,[np.float64(0.10277777777777777)],[np.float64(-0.07222222222222222)],[1],[0],[0],[1.0479436999885365],['Target'],56,0,56,0,68.34889859997202,,10,68.3257697999943,68.34889859997202,68.34889859997202,0.02420809998875484,69.37389170000097,[np.float64(0.10277777777777777)],[np.float64(-0.07222222222222222)],[1],[0],[0],[1.0479436999885365],['Target'],P2,001,2025-09-30_15h34.46.001,VisualSearch,,2025.1.1,59.38284597376438,2025-09-30 15h34.50.277263 +0530,
57,0,57,[np.float64(-0.3527777777777778)],[np.float64(0.019444444444444445)],[1],[0],[0],[1.2273038999992423],['Target'],57,0,57,0,69.43188910000026,,10,69.41305249999277,69.43188910000026,69.43188910000026,0.03875330003211275,70.64051749999635,[np.float64(-0.3527777777777778)],[np.float64(0.019444444444444445)],[1],[0],[0],[1.2273038999992423],['Target'],P2,001,2025-09-30_15h34.46.001,VisualSearch,,2025.1.1,59.38284597376438,2025-09-30 15h34.50.277263 +0530,
58,0,58,[np.float64(0.14583333333333334)],[np.float64(-0.16527777777777777)],[1],[0],[0],[1.14232289994834],['Target'],58,0,58,0,70.68226429994684,,5,70.66512089996831,70.68226429994684,70.68226429994684,0.024287600012030452,71.80758979998063,[np.float64(0.14583333333333334)],[np.float64(-0.16527777777777777)],[1],[0],[0],[1.14232289994834],['Target'],P2,001,2025-09-30_15h34.46.001,VisualSearch,,2025.1.1,59.38284597376438,2025-09-30 15h34.50.277263 +0530,
59,0,59,[np.float64(-0.10694444444444444)],[np.float64(-0.4777777777777778)],[1],[0],[0],[2.1225628000102006],['Target'],59,0,59,0,71.86515889997827,,10,71.85078749997774,71.86515889997827,71.86515889997827,0.04292169999098405,73.97358639998129,[np.float64(-0.10694444444444444)],[np.float64(-0.4777777777777778)],[1],[0],[0],[2.1225628000102006],['Target'],P2,001,2025-09-30_15h34.46.001,VisualSearch,,2025.1.1,59.38284597376438,2025-09-30 15h34.50.277263 +0530,
60,0,60,[np.float64(0.38472222222222224)],[np.float64(0.26666666666666666)],[1],[0],[0],[1.1877725000376813],['Target'],60,0,60,0,74.01556879997952,,5,73.99935559998266,74.01556879997952,74.01556879997952,0.02527909999480471,75.18733639997663,[np.float64(0.38472222222222224)],[np.float64(0.26666666666666666)],[1],[0],[0],[1.1877725000376813],['Target'],P2,001,2025-09-30_15h34.46.001,VisualSearch,,2025.1.1,59.38284597376438,2025-09-30 15h34.50.277263 +0530,
61,0,61,[np.float64(-0.034722222222222224)],[np.float64(-0.009722222222222222)],[1],[0],[0],[1.2664714999846183],['Target'],61,0,61,0,75.21506499999668,,5,75.20669779996388,75.21506499999668,75.21506499999668,0.018922000017482787,76.4733292000019,[np.float64(-0.034722222222222224)],[np.float64(-0.009722222222222222)],[1],[0],[0],[1.2664714999846183],['Target'],P2,001,2025-09-30_15h34.46.001,VisualSearch,,2025.1.1,59.38284597376438,2025-09-30 15h34.50.277263 +0530,
62,0,62,[np.float64(-0.27361111111111114)],[np.float64(0.013888888888888888)],[1],[0],[0],[1.0945517999934964],['Target'],62,0,62,0,76.53127579996362,,10,76.51256149995606,76.53127579996362,76.53127579996362,0.03893550002248958,77.60732449998613,[np.float64(-0.27361111111111114)],[np.float64(0.013888888888888888)],[1],[0],[0],[1.0945517999934964],['Target'],P2,001,2025-09-30_15h34.46.001,VisualSearch,,2025.1.1,59.38284597376438,2025-09-30 15h34.50.277263 +0530,
63,0,63,[np.float64(-0.03333333333333333)],[np.float64(-0.2125)],[1],[0],[0],[0.9767394000082277],['Target'],63,0,63,0,77.64869269996416,,5,77.63177859998541,77.64869269996416,77.64869269996416,0.023958100005984306,78.60871149995364,[np.float64(-0.03333333333333333)],[np.float64(-0.2125)],[1],[0],[0],[0.9767394000082277],['Target'],P2,001,2025-09-30_15h34.46.001,VisualSearch,,2025.1.1,59.38284597376438,2025-09-30 15h34.50.277263 +0530,
64,0,64,[np.float64(-0.4013888888888889)],[np.float64(-0.28055555555555556)],[1],[0],[0],[1.2214680000324734],['Target'],64,0,64,0,78.66671639995184,,10,78.64652429998387,78.66671639995184,78.66671639995184,0.03738979995250702,79.86813319998328,[np.float64(-0.4013888888888889)],[np.float64(-0.28055555555555556)],[1],[0],[0],[1.2214680000324734],['Target'],P2,001,2025-09-30_15h34.46.001,VisualSearch,,2025.1.1,59.38284597376438,2025-09-30 15h34.50.277263 +0530,
65,0,65,[np.float64(0.25)],[np.float64(0.31805555555555554)],[1],[0],[0],[1.212693700043019],['Target'],65,0,65,0,79.93154530000174,,10,79.91230899997754,79.93154530000174,79.93154530000174,0.043829699978232384,81.1251401999616,[np.float64(0.25)],[np.float64(0.31805555555555554)],[1],[0],[0],[1.212693700043019],['Target'],P2,001,2025-09-30_15h34.46.001,VisualSearch,,2025.1.1,59.38284597376438,2025-09-30 15h34.50.277263 +0530,
66,0,66,[np.float64(0.03333333333333333)],[np.float64(0.08611111111111111)],[1],[0],[0],[0.8885554999578744],['Target'],66,0,66,0,81.18177199998172,,10,81.15477569994982,81.18177199998172,81.18177199998172,0.029304000025149435,82.04353419999825,[np.float64(0.03333333333333333)],[np.float64(0.08611111111111111)],[1],[0],[0],[0.8885554999578744],['Target'],P2,001,2025-09-30_15h34.46.001,VisualSearch,,2025.1.1,59.38284597376438,2025-09-30 15h34.50.277263 +0530,
67,0,67,[np.float64(-0.3416666666666667)],[np.float64(0.4125)],[1],[0],[0],[0.8823664999799803],[None],67,0,67,0,82.09836449997965,,5,82.07491969998227,82.09836449997965,82.09836449997965,0.030906900006812066,82.95742849999806,[np.float64(-0.3416666666666667)],[np.float64(0.4125)],[1],[0],[0],[0.8823664999799803],[None],P2,001,2025-09-30_15h34.46.001,VisualSearch,,2025.1.1,59.38284597376438,2025-09-30 15h34.50.277263 +0530,
68,0,68,[np.float64(0.3055555555555556)],[np.float64(-0.46805555555555556)],[1],[0],[0],[1.6466730000101961],['Target'],68,0,68,0,83.03120169998147,,10,83.01023019995773,83.03120169998147,83.03120169998147,0.052558999974280596,84.6570341999759,[np.float64(0.3055555555555556)],[np.float64(-0.46805555555555556)],[1],[0],[0],[1.6466730000101961],['Target'],P2,001,2025-09-30_15h34.46.001,VisualSearch,,2025.1.1,59.38284597376438,2025-09-30 15h34.50.277263 +0530,
69,0,69,[np.float64(0.3055555555555556)],[np.float64(-0.4166666666666667)],[1],[0],[0],[0.6536543999682181],['Target'],69,0,69,0,84.69861369999126,,5,84.68676640000194,84.69861369999126,84.69861369999126,0.029435999982524663,85.34054059995105,[np.float64(0.3055555555555556)],[np.float64(-0.4166666666666667)],[1],[0],[0],[0.6536543999682181],['Target'],P2,001,2025-09-30_15h34.46.001,VisualSearch,,2025.1.1,59.38284597376438,2025-09-30 15h34.50.277263 +0530,
70,0,70,[np.float64(0.1875)],[np.float64(0.3472222222222222)],[1],[0],[0],[1.6394552999990992],['Target'],70,0,70,0,85.39808669994818,,10,85.38384329999099,85.39808669994818,85.39808669994818,0.04301220003981143,87.02343989996007,[np.float64(0.1875)],[np.float64(0.3472222222222222)],[1],[0],[0],[1.6394552999990992],['Target'],P2,001,2025-09-30_15h34.46.001,VisualSearch,,2025.1.1,59.38284597376438,2025-09-30 15h34.50.277263 +0530,
71,0,71,[np.float64(0.3888888888888889)],[np.float64(0.275)],[1],[0],[0],[1.0935268999892287],[None],71,0,71,0,87.08131539996248,,10,87.06347759999335,87.08131539996248,87.08131539996248,0.03971149999415502,88.15715459996136,[np.float64(0.3888888888888889)],[np.float64(0.275)],[1],[0],[0],[1.0935268999892287],[None],P2,001,2025-09-30_15h34.46.001,VisualSearch,,2025.1.1,59.38284597376438,2025-09-30 15h34.50.277263 +0530,
72,0,72,[np.float64(-0.4041666666666667)],[np.float64(-0.018055555555555554)],[1],[0],[0],[1.201936699973885],['Target'],72,0,72,0,88.2314844999928,,10,88.20577439997578,88.2314844999928,88.2314844999928,0.04831959999864921,89.40786089998437,[np.float64(-0.4041666666666667)],[np.float64(-0.018055555555555554)],[1],[0],[0],[1.201936699973885],['Target'],P2,001,2025-09-30_15h34.46.001,VisualSearch,,2025.1.1,59.38284597376438,2025-09-30 15h34.50.277263 +0530,
73,0,73,[np.float64(0.1125)],[np.float64(-0.12777777777777777)],[1],[0],[0],[0.9948671999736689],['Target'],73,0,73,0,89.44833709998056,,5,89.42961699998705,89.44833709998056,89.44833709998056,0.021332500036805868,90.42462730000261,[np.float64(0.1125)],[np.float64(-0.12777777777777777)],[1],[0],[0],[0.9948671999736689],['Target'],P2,001,2025-09-30_15h34.46.001,VisualSearch,,2025.1.1,59.38284597376438,2025-09-30 15h34.50.277263 +0530,
74,0,74,[np.float64(0.35694444444444445)],[np.float64(-0.19305555555555556)],[1],[0],[0],[0.9587462000199594],[None],74,0,74,0,90.48151879996294,,10,90.46499189996393,90.48151879996294,90.48151879996294,0.0400740000186488,91.42388309998205,[np.float64(0.35694444444444445)],[np.float64(-0.19305555555555556)],[1],[0],[0],[0.9587462000199594],[None],P2,001,2025-09-30_15h34.46.001,VisualSearch,,2025.1.1,59.38284597376438,2025-09-30 15h34.50.277263 +0530,
75,0,75,[np.float64(0.12777777777777777)],[np.float64(-0.044444444444444446)],[1],[0],[0],[1.0056808000081219],['Target'],75,0,75,0,91.46466969995527,,5,91.44603529997403,91.46466969995527,91.46466969995527,0.021842499962076545,92.45185409998521,[np.float64(0.12777777777777777)],[np.float64(-0.044444444444444446)],[1],[0],[0],[1.0056808000081219],['Target'],P2,001,2025-09-30_15h34.46.001,VisualSearch,,2025.1.1,59.38284597376438,2025-09-30 15h34.50.277263 +0530,
76,0,76,[np.float64(0.33194444444444443)],[np.float64(-0.059722222222222225)],[1],[0],[0],[1.0990790000068955],['Target'],76,0,76,0,92.51458379998803,,10,92.49049169995124,92.51458379998803,92.51458379998803,0.03834510000888258,93.5897205999936,[np.float64(0.33194444444444443)],[np.float64(-0.059722222222222225)],[1],[0],[0],[1.0990790000068955],['Target'],P2,001,2025-09-30_15h34.46.001,VisualSearch,,2025.1.1,59.38284597376438,2025-09-30 15h34.50.277263 +0530,
77,0,77,[np.float64(-0.17083333333333334)],[np.float64(-0.059722222222222225)],[1],[0],[0],[0.9917933000251651],['Target'],77,0,77,0,93.63115649996325,,5,93.61613529996248,93.63115649996325,93.63115649996325,0.02606419997755438,94.60809959995095,[np.float64(-0.17083333333333334)],[np.float64(-0.059722222222222225)],[1],[0],[0],[0.9917933000251651],['Target'],P2,001,2025-09-30_15h34.46.001,VisualSearch,,2025.1.1,59.38284597376438,2025-09-30 15h34.50.277263 +0530,
78,0,78,[np.float64(-0.3763888888888889)],[np.float64(0.1111111111111111)],[1],[0],[0],[1.0524110000114888],['Target'],78,0,78,0,94.64792889996897,,5,94.63685879996046,94.64792889996897,94.64792889996897,0.028505099995527416,95.68940400000429,[np.float64(-0.3763888888888889)],[np.float64(0.1111111111111111)],[1],[0],[0],[1.0524110000114888],['Target'],P2,001,2025-09-30_15h34.46.001,VisualSearch,,2025.1.1,59.38284597376438,2025-09-30 15h34.50.277263 +0530,
79,0,79,[np.float64(-0.4444444444444444)],[np.float64(0.46944444444444444)],[1],[0],[0],[1.1685471000382677],['Target'],79,0,79,0,95.74800540000433,,10,95.7317038999754,95.74800540000433,95.74800540000433,0.042028100055176765,96.90039460000116,[np.float64(-0.4444444444444444)],[np.float64(0.46944444444444444)],[1],[0],[0],[1.1685471000382677],['Target'],P2,001,2025-09-30_15h34.46.001,VisualSearch,,2025.1.1,59.38284597376438,2025-09-30 15h34.50.277263 +0530,
80,0,80,[np.float64(0.4638888888888889)],[np.float64(-0.4375)],[1],[0],[0],[1.5674287999863736],['Target'],80,0,80,0,96.9477743000025,,10,96.92355299997143,96.9477743000025,96.9477743000025,0.022931799991056323,98.49120469996706,[np.float64(0.4638888888888889)],[np.float64(-0.4375)],[1],[0],[0],[1.5674287999863736],['Target'],P2,001,2025-09-30_15h34.46.001,VisualSearch,,2025.1.1,59.38284597376438,2025-09-30 15h34.50.277263 +0530,
81,0,81,[np.float64(-0.1125)],[np.float64(0.3388888888888889)],[1],[0],[0],[0.9227144999895245],['Target'],81,0,81,0,98.5313038000022,,5,98.51814089994878,98.5313038000022,98.5313038000022,0.026388400001451373,99.44099239999196,[np.float64(-0.1125)],[np.float64(0.3388888888888889)],[1],[0],[0],[0.9227144999895245],['Target'],P2,001,2025-09-30_15h34.46.001,VisualSearch,,2025.1.1,59.38284597376438,2025-09-30 15h34.50.277263 +0530,
82,0,82,[np.float64(-0.2638888888888889)],[np.float64(0.13194444444444445)],[1],[0],[0],[1.1034333999850787],['Target'],82,0,82,0,99.49852490000194,,5,99.47005609999178,99.49852490000194,99.49852490000194,0.02883060002932325,100.57368139998289,[np.float64(-0.2638888888888889)],[np.float64(0.13194444444444445)],[1],[0],[0],[1.1034333999850787],['Target'],P2,001,2025-09-30_15h34.46.001,VisualSearch,,2025.1.1,59.38284597376438,2025-09-30 15h34.50.277263 +0530,
83,0,83,[np.float64(0.011111111111111112)],[np.float64(0.30833333333333335)],[1],[0],[0],[1.1620294000022113],['Target'],83,0,83,0,100.6477321999846,,10,100.62229069997557,100.6477321999846,100.6477321999846,0.04820600000675768,101.78450849995716,[np.float64(0.011111111111111112)],[np.float64(0.30833333333333335)],[1],[0],[0],[1.1620294000022113],['Target'],P2,001,2025-09-30_15h34.46.001,VisualSearch,,2025.1.1,59.38284597376438,2025-09-30 15h34.50.277263 +0530,
84,0,84,[np.float64(-0.2263888888888889)],[np.float64(0.14027777777777778)],[1],[0],[0],[0.9613217000151053],['Target'],84,0,84,0,101.83184439997422,,5,101.806701399968,101.83184439997422,101.83184439997422,0.02176180004607886,102.76816989999497,[np.float64(-0.2263888888888889)],[np.float64(0.14027777777777778)],[1],[0],[0],[0.9613217000151053],['Target'],P2,001,2025-09-30_15h34.46.001,VisualSearch,,2025.1.1,59.38284597376438,2025-09-30 15h34.50.277263 +0530,
85,0,85,[np.float64(-0.22361111111111112)],[np.float64(0.4791666666666667)],[1],[0],[0],[1.0440794000169262],['Target'],85,0,85,0,102.81456289999187,,5,102.79641239997,102.81456289999187,102.81456289999187,0.02803639997728169,103.84066839999286,[np.float64(-0.22361111111111112)],[np.float64(0.4791666666666667)],[1],[0],[0],[1.0440794000169262],['Target'],P2,001,2025-09-30_15h34.46.001,VisualSearch,,2025.1.1,59.38284597376438,2025-09-30 15h34.50.277263 +0530,
86,0,86,[np.float64(-0.4125)],[np.float64(0.14027777777777778)],[1],[0],[0],[1.6953466999693774],['Target'],86,0,86,0,103.89756779995514,,10,103.87750089995097,103.89756779995514,103.89756779995514,0.03642850002506748,105.572999099968,[np.float64(-0.4125)],[np.float64(0.14027777777777778)],[1],[0],[0],[1.6953466999693774],['Target'],P2,001,2025-09-30_15h34.46.001,VisualSearch,,2025.1.1,59.38284597376438,2025-09-30 15h34.50.277263 +0530,
87,0,87,[np.float64(-0.19583333333333333)],[np.float64(0.30277777777777776)],[1],[0],[0],[0.9778334000147879],['Target'],87,0,87,0,105.6145859999815,,5,105.59637049998855,105.6145859999815,105.6145859999815,0.023041600012220442,106.57434930000454,[np.float64(-0.19583333333333333)],[np.float64(0.30277777777777776)],[1],[0],[0],[0.9778334000147879],['Target'],P2,001,2025-09-30_15h34.46.001,VisualSearch,,2025.1.1,59.38284597376438,2025-09-30 15h34.50.277263 +0530,
88,0,88,[np.float64(-0.23472222222222222)],[np.float64(-0.11527777777777778)],[1],[0],[0],[1.1665938000078313],['Target'],88,0,88,0,106.63136419997318,,5,106.60384649998741,106.63136419997318,106.63136419997318,0.02922470000339672,107.77057880000211,[np.float64(-0.23472222222222222)],[np.float64(-0.11527777777777778)],[1],[0],[0],[1.1665938000078313],['Target'],P2,001,2025-09-30_15h34.46.001,VisualSearch,,2025.1.1,59.38284597376438,2025-09-30 15h34.50.277263 +0530,
89,0,89,[np.float64(-0.13055555555555556)],[np.float64(-0.20555555555555555)],[1],[0],[0],[0.6693692000117153],[None],89,0,89,0,107.8137666999828,,10,107.79961039999034,107.8137666999828,107.8137666999828,0.028626699990127236,108.46905539999716,[np.float64(-0.13055555555555556)],[np.float64(-0.20555555555555555)],[1],[0],[0],[0.6693692000117153],[None],P2,001,2025-09-30_15h34.46.001,VisualSearch,,2025.1.1,59.38284597376438,2025-09-30 15h34.50.277263 +0530,
90,0,90,[np.float64(0.31527777777777777)],[np.float64(-0.09305555555555556)],[1],[0],[0],[0.6352668000035919],[None],90,0,90,0,108.51371699996525,,10,108.49929179996252,108.51371699996525,108.51371699996525,0.030068100022617728,109.13463789998787,[np.float64(0.31527777777777777)],[np.float64(-0.09305555555555556)],[1],[0],[0],[0.6352668000035919],[None],P2,001,2025-09-30_15h34.46.001,VisualSearch,,2025.1.1,59.38284597376438,2025-09-30 15h34.50.277263 +0530,
91,0,91,[np.float64(-0.10138888888888889)],[np.float64(0.16527777777777777)],[1],[0],[0],[0.6062922999844886],[None],91,0,91,0,109.16365649999352,,5,109.14968879998196,109.16365649999352,109.16365649999352,0.014858799986541271,109.75615569995716,[np.float64(-0.10138888888888889)],[np.float64(0.16527777777777777)],[1],[0],[0],[0.6062922999844886],[None],P2,001,2025-09-30_15h34.46.001,VisualSearch,,2025.1.1,59.38284597376438,2025-09-30 15h34.50.277263 +0530,
92,0,92,[np.float64(-0.1111111111111111)],[np.float64(-0.2763888888888889)],[1],[0],[0],[0.9949297999846749],[None],92,0,92,0,109.79797969997162,,5,109.77807069994742,109.79797969997162,109.79797969997162,0.02163869998184964,110.77316270000301,[np.float64(-0.1111111111111111)],[np.float64(-0.2763888888888889)],[1],[0],[0],[0.9949297999846749],[None],P2,001,2025-09-30_15h34.46.001,VisualSearch,,2025.1.1,59.38284597376438,2025-09-30 15h34.50.277263 +0530,
93,0,93,[np.float64(-0.12777777777777777)],[np.float64(-0.04583333333333333)],[1],[0],[0],[1.8699053000309505],['Target'],93,0,93,0,110.84768299997086,,10,110.8199445999926,110.84768299997086,110.84768299997086,0.04649460001382977,112.69003840000369,[np.float64(-0.12777777777777777)],[np.float64(-0.04583333333333333)],[1],[0],[0],[1.8699053000309505],['Target'],P2,001,2025-09-30_15h34.46.001,VisualSearch,,2025.1.1,59.38284597376438,2025-09-30 15h34.50.277263 +0530,
94,0,94,[np.float64(-0.3125)],[np.float64(-0.04861111111111111)],[1],[0],[0],[1.4035200000507757],['Target'],94,0,94,0,112.73064119997434,,5,112.71965029998682,112.73064119997434,112.73064119997434,0.02909429999999702,114.12330729997484,[np.float64(-0.3125)],[np.float64(-0.04861111111111111)],[1],[0],[0],[1.4035200000507757],['Target'],P2,001,2025-09-30_15h34.46.001,VisualSearch,,2025.1.1,59.38284597376438,2025-09-30 15h34.50.277263 +0530,
95,0,95,[np.float64(0.3333333333333333)],[np.float64(0.16666666666666666)],[1],[0],[0],[1.6410769999492913],['Target'],95,0,95,0,114.16377909999574,,5,114.15309079998406,114.16377909999574,114.16377909999574,0.029513899993617088,115.79431139997905,[np.float64(0.3333333333333333)],[np.float64(0.16666666666666666)],[1],[0],[0],[1.6410769999492913],['Target'],P2,001,2025-09-30_15h34.46.001,VisualSearch,,2025.1.1,59.38284597376438,2025-09-30 15h34.50.277263 +0530,
96,0,96,[np.float64(-0.4166666666666667)],[np.float64(0.018055555555555554)],[1],[0],[0],[1.4938587000360712],['Target'],96,0,96,0,115.83106060000136,,5,115.81396269996185,115.83106060000136,115.83106060000136,0.0193174000014551,117.30803189997096,[np.float64(-0.4166666666666667)],[np.float64(0.018055555555555554)],[1],[0],[0],[1.4938587000360712],['Target'],P2,001,2025-09-30_15h34.46.001,VisualSearch,,2025.1.1,59.38284597376438,2025-09-30 15h34.50.277263 +0530,
97,0,97,[np.float64(0.45555555555555555)],[np.float64(0.25972222222222224)],[1],[0],[0],[1.3371561999665573],['Target'],97,0,97,0,117.3808277999633,,10,117.35275619995082,117.3808277999633,117.3808277999633,0.044253500003833324,118.69009649998043,[np.float64(0.45555555555555555)],[np.float64(0.25972222222222224)],[1],[0],[0],[1.3371561999665573],['Target'],P2,001,2025-09-30_15h34.46.001,VisualSearch,,2025.1.1,59.38284597376438,2025-09-30 15h34.50.277263 +0530,
98,0,98,[np.float64(0.10277777777777777)],[np.float64(0.1625)],[1],[0],[0],[1.0732891000225209],['Target'],98,0,98,0,118.73110370000359,,5,118.7172304999549,118.73110370000359,118.73110370000359,0.02660199999809265,119.79072599997744,[np.float64(0.10277777777777777)],[np.float64(0.1625)],[1],[0],[0],[1.0732891000225209],['Target'],P2,001,2025-09-30_15h34.46.001,VisualSearch,,2025.1.1,59.38284597376438,2025-09-30 15h34.50.277263 +0530,
99,0,99,[np.float64(-0.4444444444444444)],[np.float64(0.14027777777777778)],[1],[0],[0],[1.079006199957803],['Target'],99,0,99,0,119.84769269998651,,10,119.82586379995337,119.84769269998651,119.84769269998651,0.034696899994742125,120.90501699998276,[np.float64(-0.4444444444444444)],[np.float64(0.14027777777777778)],[1],[0],[0],[1.079006199957803],['Target'],P2,001,2025-09-30_15h34.46.001,VisualSearch,,2025.1.1,59.38284597376438,2025-09-30 15h34.50.277263 +0530,
100,0,100,[np.float64(0.03611111111111111)],[np.float64(-0.47638888888888886)],[1],[0],[0],[1.359551100002136],['Target'],100,0,100,0,120.94719360000454,,5,120.93004449998261,120.94719360000454,120.94719360000454,0.02471159998094663,122.28970859997207,[np.float64(0.03611111111111111)],[np.float64(-0.47638888888888886)],[1],[0],[0],[1.359551100002136],['Target'],P2,001,2025-09-30_15h34.46.001,VisualSearch,,2025.1.1,59.38284597376438,2025-09-30 15h34.50.277263 +0530,
101,0,101,[np.float64(-0.31527777777777777)],[np.float64(0.25833333333333336)],[1],[0],[0],[1.1246155999833718],['Target'],101,0,101,0,122.3305732999579,,5,122.31438959995285,122.3305732999579,122.3305732999579,0.02442420000443235,123.4391428999952,[np.float64(-0.31527777777777777)],[np.float64(0.25833333333333336)],[1],[0],[0],[1.1246155999833718],['Target'],P2,001,2025-09-30_15h34.46.001,VisualSearch,,2025.1.1,59.38284597376438,2025-09-30 15h34.50.277263 +0530,
102,0,102,[np.float64(-0.15416666666666667)],[np.float64(0.4736111111111111)],[1],[0],[0],[1.4918822999461554],['Target'],102,0,102,0,123.51386599999387,,10,123.49264999997104,123.51386599999387,123.51386599999387,0.05325749999610707,124.98472019995097,[np.float64(-0.15416666666666667)],[np.float64(0.4736111111111111)],[1],[0],[0],[1.4918822999461554],['Target'],P2,001,2025-09-30_15h34.46.001,VisualSearch,,2025.1.1,59.38284597376438,2025-09-30 15h34.50.277263 +0530,
103,0,103,[np.float64(-0.20277777777777778)],[np.float64(-0.4527777777777778)],[1],[0],[0],[1.204174799961038],['Target'],103,0,103,0,125.0306116999709,,10,125.01270569994813,125.0306116999709,125.0306116999709,0.027528900012839586,126.21703069994692,[np.float64(-0.20277777777777778)],[np.float64(-0.4527777777777778)],[1],[0],[0],[1.204174799961038],['Target'],P2,001,2025-09-30_15h34.46.001,VisualSearch,,2025.1.1,59.38284597376438,2025-09-30 15h34.50.277263 +0530,
104,0,104,[np.float64(0.08333333333333333)],[np.float64(-0.37083333333333335)],[1],[0],[0],[1.180813400016632],['Target'],104,0,104,0,126.28069079999113,,10,126.25946380000096,126.28069079999113,126.28069079999113,0.04209080000873655,127.44047839997802,[np.float64(0.08333333333333333)],[np.float64(-0.37083333333333335)],[1],[0],[0],[1.180813400016632],['Target'],P2,001,2025-09-30_15h34.46.001,VisualSearch,,2025.1.1,59.38284597376438,2025-09-30 15h34.50.277263 +0530,
105,0,105,[np.float64(-0.2569444444444444)],[np.float64(0.2763888888888889)],[1],[0],[0],[1.1733480999828316],['Target'],105,0,105,0,127.49704549997114,,10,127.47725529997842,127.49704549997114,127.49704549997114,0.03621520003071055,128.65076119999867,[np.float64(-0.2569444444444444)],[np.float64(0.2763888888888889)],[1],[0],[0],[1.1733480999828316],['Target'],P2,001,2025-09-30_15h34.46.001,VisualSearch,,2025.1.1,59.38284597376438,2025-09-30 15h34.50.277263 +0530,
106,0,106,[np.float64(0.008333333333333333)],[np.float64(0.009722222222222222)],[1],[0],[0],[1.0289338000002317],[None],106,0,106,0,128.71390139998402,,10,128.69282659998862,128.71390139998402,128.71390139998402,0.04162460000952706,129.72192329994868,[np.float64(0.008333333333333333)],[np.float64(0.009722222222222222)],[1],[0],[0],[1.0289338000002317],[None],P2,001,2025-09-30_15h34.46.001,VisualSearch,,2025.1.1,59.38284597376438,2025-09-30 15h34.50.277263 +0530,
107,0,107,[np.float64(0.1361111111111111)],[np.float64(-0.2)],[1],[0],[0],[0.8909273999743164],['Target'],107,0,107,0,129.78073919995222,,10,129.76588179997634,129.78073919995222,129.78073919995222,0.04353850003099069,130.65700139995897,[np.float64(0.1361111111111111)],[np.float64(-0.2)],[1],[0],[0],[0.8909273999743164],['Target'],P2,001,2025-09-30_15h34.46.001,VisualSearch,,2025.1.1,59.38284597376438,2025-09-30 15h34.50.277263 +0530,
108,0,108,[np.float64(-0.18472222222222223)],[np.float64(-0.12361111111111112)],[1],[0],[0],[0.9232726999907754],['Target'],108,0,108,0,130.71336789999623,,10,130.6990875999909,130.71336789999623,130.71336789999623,0.041593800007831305,131.6225146999932,[np.float64(-0.18472222222222223)],[np.float64(-0.12361111111111112)],[1],[0],[0],[0.9232726999907754],['Target'],P2,001,2025-09-30_15h34.46.001,VisualSearch,,2025.1.1,59.38284597376438,2025-09-30 15h34.50.277263 +0530,
109,0,109,[np.float64(-0.46944444444444444)],[np.float64(-0.12083333333333333)],[1],[0],[0],[1.1757436000043526],['Target'],109,0,109,0,131.66399869997986,,5,131.64720609999495,131.66399869997986,131.66399869997986,0.024349700019229203,132.82310559996404,[np.float64(-0.46944444444444444)],[np.float64(-0.12083333333333333)],[1],[0],[0],[1.1757436000043526],['Target'],P2,001,2025-09-30_15h34.46.001,VisualSearch,,2025.1.1,59.38284597376438,2025-09-30 15h34.50.277263 +0530,
110,0,110,[np.float64(0.45)],[np.float64(-0.34444444444444444)],[1],[0],[0],[1.0674175000167452],[None],110,0,110,0,132.8806577999494,,5,132.85473749996163,132.8806577999494,132.8806577999494,0.031390200019814074,133.9223828999675,[np.float64(0.45)],[np.float64(-0.34444444444444444)],[1],[0],[0],[1.0674175000167452],[None],P2,001,2025-09-30_15h34.46.001,VisualSearch,,2025.1.1,59.38284597376438,2025-09-30 15h34.50.277263 +0530,
111,0,111,[np.float64(0.40555555555555556)],[np.float64(0.20416666666666666)],[1],[0],[0],[1.1192511999979615],['Target'],111,0,111,0,133.96329039998818,,5,133.9530403999961,133.96329039998818,133.96329039998818,0.030276899982709438,135.07242209999822,[np.float64(0.40555555555555556)],[np.float64(0.20416666666666666)],[1],[0],[0],[1.1192511999979615],['Target'],P2,001,2025-09-30_15h34.46.001,VisualSearch,,2025.1.1,59.38284597376438,2025-09-30 15h34.50.277263 +0530,
112,0,112,[np.float64(0.4152777777777778)],[np.float64(0.34444444444444444)],[1],[0],[0],[1.304653600032907],['Target'],112,0,112,0,135.1300016999594,,10,135.11773589998484,135.1300016999594,135.1300016999594,0.04504489997634664,136.42259019997437,[np.float64(0.4152777777777778)],[np.float64(0.34444444444444444)],[1],[0],[0],[1.304653600032907],['Target'],P2,001,2025-09-30_15h34.46.001,VisualSearch,,2025.1.1,59.38284597376438,2025-09-30 15h34.50.277263 +0530,
113,0,113,[np.float64(0.4263888888888889)],[np.float64(-0.4388888888888889)],[1],[0],[0],[1.437232700001914],['Target'],113,0,113,0,136.4634923999547,,5,136.44708959996933,136.4634923999547,136.4634923999547,0.02402140002232045,137.8844814999611,[np.float64(0.4263888888888889)],[np.float64(-0.4388888888888889)],[1],[0],[0],[1.437232700001914],['Target'],P2,001,2025-09-30_15h34.46.001,VisualSearch,,2025.1.1,59.38284597376438,2025-09-30 15h34.50.277263 +0530,
114,0,114,[np.float64(0.1)],[np.float64(0.32916666666666666)],[1],[0],[0],[1.6278797999839298],['Target'],114,0,114,0,137.93013399996562,,10,137.9119512999896,137.93013399996562,137.93013399996562,0.027159900055266917,139.54005059995688,[np.float64(0.1)],[np.float64(0.32916666666666666)],[1],[0],[0],[1.6278797999839298],['Target'],P2,001,2025-09-30_15h34.46.001,VisualSearch,,2025.1.1,59.38284597376438,2025-09-30 15h34.50.277263 +0530,
115,0,115,[np.float64(-0.04722222222222222)],[np.float64(-0.4125)],[1],[0],[0],[1.427915500011295],['Target'],115,0,115,0,139.59676709998166,,10,139.57727629999863,139.59676709998166,139.59676709998166,0.036714699992444366,141.0053287000046,[np.float64(-0.04722222222222222)],[np.float64(-0.4125)],[1],[0],[0],[1.427915500011295],['Target'],P2,001,2025-09-30_15h34.46.001,VisualSearch,,2025.1.1,59.38284597376438,2025-09-30 15h34.50.277263 +0530,
116,0,116,[np.float64(-0.20833333333333334)],[np.float64(-0.019444444444444445)],[1],[0],[0],[1.12635620002402],['Target'],116,0,116,0,141.04676989995642,,5,141.0289710999932,141.04676989995642,141.04676989995642,0.023374199983663857,142.15551279997453,[np.float64(-0.20833333333333334)],[np.float64(-0.019444444444444445)],[1],[0],[0],[1.12635620002402],['Target'],P2,001,2025-09-30_15h34.46.001,VisualSearch,,2025.1.1,59.38284597376438,2025-09-30 15h34.50.277263 +0530,
117,0,117,[np.float64(0.2902777777777778)],[np.float64(0.04861111111111111)],[1],[0],[0],[1.1415586000075564],['Target'],117,0,117,0,142.21356089995243,,10,142.1946415999555,142.21356089995243,142.21356089995243,0.03874670004006475,143.33630159997847,[np.float64(0.2902777777777778)],[np.float64(0.04861111111111111)],[1],[0],[0],[1.1415586000075564],['Target'],P2,001,2025-09-30_15h34.46.001,VisualSearch,,2025.1.1,59.38284597376438,2025-09-30 15h34.50.277263 +0530,
118,0,118,[np.float64(-0.22083333333333333)],[np.float64(0.21944444444444444)],[1],[0],[0],[1.1231693999725394],['Target'],118,0,118,0,143.3795434999629,,10,143.36609349999344,143.3795434999629,143.3795434999629,0.02958339999895543,144.4894123999984,[np.float64(-0.22083333333333333)],[np.float64(0.21944444444444444)],[1],[0],[0],[1.1231693999725394],['Target'],P2,001,2025-09-30_15h34.46.001,VisualSearch,,2025.1.1,59.38284597376438,2025-09-30 15h34.50.277263 +0530,
119,0,119,[np.float64(0.2013888888888889)],[np.float64(-0.275)],[1],[0],[0],[0.870438700017985],['Target'],119,0,119,0,144.52965789998416,,5,144.51765130000422,144.52965789998416,144.52965789998416,0.02794150001136586,145.3882407999481,[np.float64(0.2013888888888889)],[np.float64(-0.275)],[1],[0],[0],[0.870438700017985],['Target'],P2,001,2025-09-30_15h34.46.001,VisualSearch,,2025.1.1,59.38284597376438,2025-09-30 15h34.50.277263 +0530,
120,0,120,[np.float64(-0.47638888888888886)],[np.float64(-0.10694444444444444)],[1],[0],[0],[1.4077736999606714],['Target'],120,0,120,0,145.4298090999946,,5,145.4142427999759,145.4298090999946,145.4298090999946,0.025740700017195195,146.82215659995563,[np.float64(-0.47638888888888886)],[np.float64(-0.10694444444444444)],[1],[0],[0],[1.4077736999606714],['Target'],P2,001,2025-09-30_15h34.46.001,VisualSearch,,2025.1.1,59.38284597376438,2025-09-30 15h34.50.277263 +0530,
121,0,121,[np.float64(0.008333333333333333)],[np.float64(0.39305555555555555)],[1],[0],[0],[1.4301646000239998],['Target'],121,0,121,0,146.8973223999492,,10,146.87472719996003,146.8973223999492,146.8973223999492,0.05227699998067692,148.30502859997796,[np.float64(0.008333333333333333)],[np.float64(0.39305555555555555)],[1],[0],[0],[1.4301646000239998],['Target'],P2,001,2025-09-30_15h34.46.001,VisualSearch,,2025.1.1,59.38284597376438,2025-09-30 15h34.50.277263 +0530,
122,0,122,[np.float64(-0.16527777777777777)],[np.float64(0.2777777777777778)],[1],[0],[0],[1.3598318000440486],['Target'],122,0,122,0,148.34674959996482,,5,148.3283883999684,148.34674959996482,148.34674959996482,0.023047499998938292,149.6883894999628,[np.float64(-0.16527777777777777)],[np.float64(0.2777777777777778)],[1],[0],[0],[1.3598318000440486],['Target'],P2,001,2025-09-30_15h34.46.001,VisualSearch,,2025.1.1,59.38284597376438,2025-09-30 15h34.50.277263 +0530,
123,0,123,[np.float64(0.3486111111111111)],[np.float64(-0.26944444444444443)],[1],[0],[0],[1.4713865999947302],['Target'],123,0,123,0,149.72990869998466,,5,149.71707600000082,149.72990869998466,149.72990869998466,0.028438600013032556,151.18867799994769,[np.float64(0.3486111111111111)],[np.float64(-0.26944444444444443)],[1],[0],[0],[1.4713865999947302],['Target'],P2,001,2025-09-30_15h34.46.001,VisualSearch,,2025.1.1,59.38284597376438,2025-09-30 15h34.50.277263 +0530,
124,0,124,[np.float64(0.12083333333333333)],[np.float64(0.09305555555555556)],[1],[0],[0],[1.0700707000214607],['Target'],124,0,124,0,151.22982409998076,,5,151.21797349996632,151.22982409998076,151.22982409998076,0.028928100015036762,152.2881742999889,[np.float64(0.12083333333333333)],[np.float64(0.09305555555555556)],[1],[0],[0],[1.0700707000214607],['Target'],P2,001,2025-09-30_15h34.46.001,VisualSearch,,2025.1.1,59.38284597376438,2025-09-30 15h34.50.277263 +0530,
125,0,125,[np.float64(0.1625)],[np.float64(0.12777777777777777)],[1],[0],[0],[0.9387636000174098],[None],125,0,125,0,152.3295727999648,,5,152.31699989998015,152.3295727999648,152.3295727999648,0.028576500015333295,153.25616599997738,[np.float64(0.1625)],[np.float64(0.12777777777777777)],[1],[0],[0],[0.9387636000174098],[None],P2,001,2025-09-30_15h34.46.001,VisualSearch,,2025.1.1,59.38284597376438,2025-09-30 15h34.50.277263 +0530,
126,0,126,[np.float64(-0.5055555555555555)],[np.float64(0.04027777777777778)],[1],[0],[0],[1.3069939999841154],['Target'],126,0,126,0,153.31258349999553,,10,153.29468739998993,153.31258349999553,153.31258349999553,0.038077999954111874,154.60189609997906,[np.float64(-0.5055555555555555)],[np.float64(0.04027777777777778)],[1],[0],[0],[1.3069939999841154],['Target'],P2,001,2025-09-30_15h34.46.001,VisualSearch,,2025.1.1,59.38284597376438,2025-09-30 15h34.50.277263 +0530,
127,0,127,[np.float64(-0.3138888888888889)],[np.float64(0.034722222222222224)],[1],[0],[0],[1.0731671000248753],['Target'],127,0,127,0,154.64603199996054,,10,154.63229769997997,154.64603199996054,154.64603199996054,0.029882900009397417,155.70561099995393,[np.float64(-0.3138888888888889)],[np.float64(0.034722222222222224)],[1],[0],[0],[1.0731671000248753],['Target'],P2,001,2025-09-30_15h34.46.001,VisualSearch,,2025.1.1,59.38284597376438,2025-09-30 15h34.50.277263 +0530,
128,0,128,[np.float64(0.43333333333333335)],[np.float64(-0.15833333333333333)],[1],[0],[0],[1.0532200000016019],['Target'],128,0,128,0,155.76312139997026,,10,155.74699299997883,155.76312139997026,155.76312139997026,0.040968399960547686,156.80036239995388,[np.float64(0.43333333333333335)],[np.float64(-0.15833333333333333)],[1],[0],[0],[1.0532200000016019],['Target'],P2,001,2025-09-30_15h34.46.001,VisualSearch,,2025.1.1,59.38284597376438,2025-09-30 15h34.50.277263 +0530,
129,0,129,[np.float64(-0.2861111111111111)],[np.float64(0.42777777777777776)],[1],[0],[0],[1.1462339999852702],[None],129,0,129,0,156.84632579999743,,5,156.82598589995177,156.84632579999743,156.84632579999743,0.02525369997601956,157.97236009995686,[np.float64(-0.2861111111111111)],[np.float64(0.42777777777777776)],[1],[0],[0],[1.1462339999852702],[None],P2,001,2025-09-30_15h34.46.001,VisualSearch,,2025.1.1,59.38284597376438,2025-09-30 15h34.50.277263 +0530,
130,0,130,[np.float64(-0.3236111111111111)],[np.float64(0.2625)],[1],[0],[0],[0.9566737999557517],['Target'],130,0,130,0,158.02968769997824,,10,158.01558349997504,158.02968769997824,158.02968769997824,0.042940500017721206,158.97242189996177,[np.float64(-0.3236111111111111)],[np.float64(0.2625)],[1],[0],[0],[0.9566737999557517],['Target'],P2,001,2025-09-30_15h34.46.001,VisualSearch,,2025.1.1,59.38284597376438,2025-09-30 15h34.50.277263 +0530,
131,0,131,[np.float64(0.37083333333333335)],[np.float64(0.125)],[1],[0],[0],[1.4427037999848835],['Target'],131,0,131,0,159.02919269999256,,10,159.00719469995238,159.02919269999256,159.02919269999256,0.034443599986843765,160.45011919998797,[np.float64(0.37083333333333335)],[np.float64(0.125)],[1],[0],[0],[1.4427037999848835],['Target'],P2,001,2025-09-30_15h34.46.001,VisualSearch,,2025.1.1,59.38284597376438,2025-09-30 15h34.50.277263 +0530,
132,0,132,[np.float64(-0.08472222222222223)],[np.float64(-0.29444444444444445)],[1],[0],[0],[1.0578262000344694],['Target'],132,0,132,0,160.49718099995516,,5,160.48032429994782,160.49718099995516,160.49718099995516,0.029890300007537007,161.5382942999713,[np.float64(-0.08472222222222223)],[np.float64(-0.29444444444444445)],[1],[0],[0],[1.0578262000344694],['Target'],P2,001,2025-09-30_15h34.46.001,VisualSearch,,2025.1.1,59.38284597376438,2025-09-30 15h34.50.277263 +0530,
133,0,133,[np.float64(-0.3111111111111111)],[np.float64(0.48194444444444445)],[1],[0],[0],[2.234572399989702],['Target'],133,0,133,0,161.59608439996373,,10,161.57013909996022,161.59608439996373,161.59608439996373,0.03157930000452325,163.80485559999943,[np.float64(-0.3111111111111111)],[np.float64(0.48194444444444445)],[1],[0],[0],[2.234572399989702],['Target'],P2,001,2025-09-30_15h34.46.001,VisualSearch,,2025.1.1,59.38284597376438,2025-09-30 15h34.50.277263 +0530,
134,0,134,[np.float64(-0.4888888888888889)],[np.float64(-0.35)],[1],[0],[0],[1.257017399999313],['Target'],134,0,134,0,163.8629324999638,,10,163.84528379997937,163.8629324999638,163.8629324999638,0.040107799984980375,165.10247049998725,[np.float64(-0.4888888888888889)],[np.float64(-0.35)],[1],[0],[0],[1.257017399999313],['Target'],P2,001,2025-09-30_15h34.46.001,VisualSearch,,2025.1.1,59.38284597376438,2025-09-30 15h34.50.277263 +0530,
135,0,135,[np.float64(0.33194444444444443)],[np.float64(0.20833333333333334)],[1],[0],[0],[1.1392800000030547],[None],135,0,135,0,165.16306619998068,,5,165.13273549999576,165.16306619998068,165.16306619998068,0.02995830000145361,166.27220139995916,[np.float64(0.33194444444444443)],[np.float64(0.20833333333333334)],[1],[0],[0],[1.1392800000030547],[None],P2,001,2025-09-30_15h34.46.001,VisualSearch,,2025.1.1,59.38284597376438,2025-09-30 15h34.50.277263 +0530,
136,0,136,[np.float64(-0.3486111111111111)],[np.float64(0.08333333333333333)],[1],[0],[0],[0.9462935000192374],['Target'],136,0,136,0,166.3461625999771,,10,166.3198583999765,166.3461625999771,166.3461625999771,0.04725740000139922,167.26625569997123,[np.float64(-0.3486111111111111)],[np.float64(0.08333333333333333)],[1],[0],[0],[0.9462935000192374],['Target'],P2,001,2025-09-30_15h34.46.001,VisualSearch,,2025.1.1,59.38284597376438,2025-09-30 15h34.50.277263 +0530,
137,0,137,[np.float64(0.1)],[np.float64(-0.44722222222222224)],[1],[0],[0],[1.6607632000232115],['Target'],137,0,137,0,167.31275169999572,,5,167.29008740000427,167.31275169999572,167.31275169999572,0.023557799984700978,168.9510194999748,[np.float64(0.1)],[np.float64(-0.44722222222222224)],[1],[0],[0],[1.6607632000232115],['Target'],P2,001,2025-09-30_15h34.46.001,VisualSearch,,2025.1.1,59.38284597376438,2025-09-30 15h34.50.277263 +0530,
138,0,138,[np.float64(0.3472222222222222)],[np.float64(-0.4111111111111111)],[1],[0],[0],[1.117991900013294],[None],138,0,138,0,168.9795566999819,,5,168.97009139996953,168.9795566999819,168.9795566999819,0.018710799980908632,170.08829980000155,[np.float64(0.3472222222222222)],[np.float64(-0.4111111111111111)],[1],[0],[0],[1.117991900013294],[None],P2,001,2025-09-30_15h34.46.001,VisualSearch,,2025.1.1,59.38284597376438,2025-09-30 15h34.50.277263 +0530,
139,0,139,[np.float64(0.12361111111111112)],[np.float64(-0.19722222222222222)],[1],[0],[0],[1.148198599985335],[None],139,0,139,0,170.1456429999671,,10,170.1341407999862,170.1456429999671,170.1456429999671,0.045414699998218566,171.28246049996233,[np.float64(0.12361111111111112)],[np.float64(-0.19722222222222222)],[1],[0],[0],[1.148198599985335],[None],P2,001,2025-09-30_15h34.46.001,VisualSearch,,2025.1.1,59.38284597376438,2025-09-30 15h34.50.277263 +0530,
140,0,140,[np.float64(-0.37777777777777777)],[np.float64(-0.1)],[1],[0],[0],[1.0208498999709263],[None],140,0,140,0,171.34564039995894,,10,171.31794039998204,171.34564039995894,171.34564039995894,0.03516339999623597,172.3390139999683,[np.float64(-0.37777777777777777)],[np.float64(-0.1)],[1],[0],[0],[1.0208498999709263],[None],P2,001,2025-09-30_15h34.46.001,VisualSearch,,2025.1.1,59.38284597376438,2025-09-30 15h34.50.277263 +0530,
141,0,141,[np.float64(-0.20277777777777778)],[np.float64(0.04722222222222222)],[1],[0],[0],[0.7730557000031695],[None],141,0,141,0,172.37904509995133,,5,172.36511729995254,172.37904509995133,172.37904509995133,0.025620699976570904,173.13831469998695,[np.float64(-0.20277777777777778)],[np.float64(0.04722222222222222)],[1],[0],[0],[0.7730557000031695],[None],P2,001,2025-09-30_15h34.46.001,VisualSearch,,2025.1.1,59.38284597376438,2025-09-30 15h34.50.277263 +0530,
142,0,142,[np.float64(0.07916666666666666)],[np.float64(-0.3333333333333333)],[1],[0],[0],[1.0761337000294589],[None],142,0,142,0,173.195841299952,,10,173.1780657999916,173.195841299952,173.195841299952,0.03946539998287335,174.25433809997048,[np.float64(0.07916666666666666)],[np.float64(-0.3333333333333333)],[1],[0],[0],[1.0761337000294589],[None],P2,001,2025-09-30_15h34.46.001,VisualSearch,,2025.1.1,59.38284597376438,2025-09-30 15h34.50.277263 +0530,
143,0,143,[np.float64(0.006944444444444444)],[np.float64(0.325)],[1],[0],[0],[0.9646876999759115],[None],143,0,143,0,174.3803170999745,,10,174.35170329996618,174.3803170999745,174.3803170999745,0.09706929995445535,175.31660139997257,[np.float64(0.006944444444444444)],[np.float64(0.325)],[1],[0],[0],[0.9646876999759115],[None],P2,001,2025-09-30_15h34.46.001,VisualSearch,,2025.1.1,59.38284597376438,2025-09-30 15h34.50.277263 +0530,
144,0,144,[np.float64(0.008333333333333333)],[np.float64(0.4736111111111111)],[1],[0],[0],[1.0158336000167765],['Target'],144,0,144,0,175.36295619996963,,5,175.33957219996955,175.36295619996963,175.36295619996963,0.02251590002560988,176.3555866999668,[np.float64(0.008333333333333333)],[np.float64(0.4736111111111111)],[1],[0],[0],[1.0158336000167765],['Target'],P2,001,2025-09-30_15h34.46.001,VisualSearch,,2025.1.1,59.38284597376438,2025-09-30 15h34.50.277263 +0530,
145,0,145,[np.float64(-0.5361111111111111)],[np.float64(-0.11805555555555555)],[1],[0],[0],[1.0011172000085935],[None],145,0,145,0,176.42938859999413,,10,176.40381369995885,176.42938859999413,176.42938859999413,0.04786300001433119,177.40506359998835,[np.float64(-0.5361111111111111)],[np.float64(-0.11805555555555555)],[1],[0],[0],[1.0011172000085935],[None],P2,001,2025-09-30_15h34.46.001,VisualSearch,,2025.1.1,59.38284597376438,2025-09-30 15h34.50.277263 +0530,
146,0,146,[np.float64(-0.002777777777777778)],[np.float64(0.0875)],[1],[0],[0],[0.8340516000171192],[None],146,0,146,0,177.47892089997185,,10,177.45042329997523,177.47892089997185,177.47892089997185,0.044994299998506904,178.28467359999195,[np.float64(-0.002777777777777778)],[np.float64(0.0875)],[1],[0],[0],[0.8340516000171192],[None],P2,001,2025-09-30_15h34.46.001,VisualSearch,,2025.1.1,59.38284597376438,2025-09-30 15h34.50.277263 +0530,
147,0,147,[np.float64(0.40555555555555556)],[np.float64(-0.12638888888888888)],[1],[0],[0],[1.2382815000019036],['Target'],147,0,147,0,178.32928519998677,,10,178.31543969997438,178.32928519998677,178.32928519998677,0.030285099986940622,179.5538447999861,[np.float64(0.40555555555555556)],[np.float64(-0.12638888888888888)],[1],[0],[0],[1.2382815000019036],['Target'],P2,001,2025-09-30_15h34.46.001,VisualSearch,,2025.1.1,59.38284597376438,2025-09-30 15h34.50.277263 +0530,
148,0,148,[np.float64(-0.05)],[np.float64(0.034722222222222224)],[1],[0],[0],[1.0750277999904938],[None],148,0,148,0,179.5960210999474,,10,179.5794899999746,179.5960210999474,179.5960210999474,0.02533420000690967,180.65466979995836,[np.float64(-0.05)],[np.float64(0.034722222222222224)],[1],[0],[0],[1.0750277999904938],[None],P2,001,2025-09-30_15h34.46.001,VisualSearch,,2025.1.1,59.38284597376438,2025-09-30 15h34.50.277263 +0530,
149,0,149,[np.float64(0.20694444444444443)],[np.float64(-0.10277777777777777)],[1],[0],[0],[1.1509491000324488],['Target'],149,0,149,0,180.7125795999891,,10,180.6867470999714,180.7125795999891,180.7125795999891,0.03175409999676049,181.83789769996656,[np.float64(0.20694444444444443)],[np.float64(-0.10277777777777777)],[1],[0],[0],[1.1509491000324488],['Target'],P2,001,2025-09-30_15h34.46.001,VisualSearch,,2025.1.1,59.38284597376438,2025-09-30 15h34.50.277263 +0530,
150,0,150,[np.float64(0.32222222222222224)],[np.float64(0.1375)],[1],[0],[0],[1.026646799989976],['Target'],150,0,150,0,181.89549909997731,,10,181.8728437999962,181.89549909997731,181.89549909997731,0.034443499986082315,182.89964389998931,[np.float64(0.32222222222222224)],[np.float64(0.1375)],[1],[0],[0],[1.026646799989976],['Target'],P2,001,2025-09-30_15h34.46.001,VisualSearch,,2025.1.1,59.38284597376438,2025-09-30 15h34.50.277263 +0530,
151,0,151,[np.float64(-0.14722222222222223)],[np.float64(-0.3527777777777778)],[1],[0],[0],[1.211724900000263],['Target'],151,0,151,0,182.94601459999103,,5,182.92605539999204,182.94601459999103,182.94601459999103,0.02612519997637719,184.13795939995907,[np.float64(-0.14722222222222223)],[np.float64(-0.3527777777777778)],[1],[0],[0],[1.211724900000263],['Target'],P2,001,2025-09-30_15h34.46.001,VisualSearch,,2025.1.1,59.38284597376438,2025-09-30 15h34.50.277263 +0530,
152,0,152,[np.float64(-0.46111111111111114)],[np.float64(-0.26805555555555555)],[1],[0],[0],[1.0729430000064895],['Target'],152,0,152,0,184.1786936999997,,5,184.1666745999828,184.1786936999997,184.1786936999997,0.02831480000168085,185.2397415000014,[np.float64(-0.46111111111111114)],[np.float64(-0.26805555555555555)],[1],[0],[0],[1.0729430000064895],['Target'],P2,001,2025-09-30_15h34.46.001,VisualSearch,,2025.1.1,59.38284597376438,2025-09-30 15h34.50.277263 +0530,
153,0,153,[np.float64(0.3277777777777778)],[np.float64(-0.23194444444444445)],[1],[0],[0],[1.4022990999510512],['Target'],153,0,153,0,185.29513759998372,,10,185.28542019997258,185.29513759998372,185.29513759998372,0.045417599962092936,186.68788489996223,[np.float64(0.3277777777777778)],[np.float64(-0.23194444444444445)],[1],[0],[0],[1.4022990999510512],['Target'],P2,001,2025-09-30_15h34.46.001,VisualSearch,,2025.1.1,59.38284597376438,2025-09-30 15h34.50.277263 +0530,
154,0,154,[np.float64(-0.019444444444444445)],[np.float64(-0.4708333333333333)],[1],[0],[0],[1.0639112000353634],['Target'],154,0,154,0,186.76247949997196,,10,186.73611709999386,186.76247949997196,186.76247949997196,0.04791070002829656,187.80011289997492,[np.float64(-0.019444444444444445)],[np.float64(-0.4708333333333333)],[1],[0],[0],[1.0639112000353634],['Target'],P2,001,2025-09-30_15h34.46.001,VisualSearch,,2025.1.1,59.38284597376438,2025-09-30 15h34.50.277263 +0530,
155,0,155,[np.float64(0.04722222222222222)],[np.float64(-0.34444444444444444)],[1],[0],[0],[1.6829814999946393],['Target'],155,0,155,0,187.82811519998359,,5,187.81711169995833,187.82811519998359,187.82811519998359,0.01680590002797544,189.50023819995113,[np.float64(0.04722222222222222)],[np.float64(-0.34444444444444444)],[1],[0],[0],[1.6829814999946393],['Target'],P2,001,2025-09-30_15h34.46.001,VisualSearch,,2025.1.1,59.38284597376438,2025-09-30 15h34.50.277263 +0530,
156,0,156,[np.float64(-0.30972222222222223)],[np.float64(-0.325)],[1],[0],[0],[0.7921740000019781],['Target'],156,0,156,0,189.54527999996208,,5,189.5290093999938,189.54527999996208,189.54527999996208,0.028547000023536384,190.32132289995207,[np.float64(-0.30972222222222223)],[np.float64(-0.325)],[1],[0],[0],[0.7921740000019781],['Target'],P2,001,2025-09-30_15h34.46.001,VisualSearch,,2025.1.1,59.38284597376438,2025-09-30 15h34.50.277263 +0530,
157,0,157,[np.float64(0.35833333333333334)],[np.float64(0.11805555555555555)],[1],[0],[0],[1.0608718000003137],[None],157,0,157,0,190.37925719999475,,10,190.35891009995248,190.37925719999475,190.37925719999475,0.03732429997762665,191.42009179998422,[np.float64(0.35833333333333334)],[np.float64(0.11805555555555555)],[1],[0],[0],[1.0608718000003137],[None],P2,001,2025-09-30_15h34.46.001,VisualSearch,,2025.1.1,59.38284597376438,2025-09-30 15h34.50.277263 +0530,
158,0,158,[np.float64(-0.3236111111111111)],[np.float64(0.225)],[1],[0],[0],[1.0054815000039525],[None],158,0,158,0,191.4622371000005,,5,191.4490528999595,191.4622371000005,191.4622371000005,0.028652100008912385,192.45470929995645,[np.float64(-0.3236111111111111)],[np.float64(0.225)],[1],[0],[0],[1.0054815000039525],[None],P2,001,2025-09-30_15h34.46.001,VisualSearch,,2025.1.1,59.38284597376438,2025-09-30 15h34.50.277263 +0530,
159,0,159,[np.float64(0.28194444444444444)],[np.float64(0.24166666666666667)],[1],[0],[0],[1.1971162999980152],[None],159,0,159,0,192.49779649998527,,5,192.47365629998967,192.49779649998527,192.49779649998527,0.018547099956776947,193.67100769997342,[np.float64(0.28194444444444444)],[np.float64(0.24166666666666667)],[1],[0],[0],[1.1971162999980152],[None],P2,001,2025-09-30_15h34.46.001,VisualSearch,,2025.1.1,59.38284597376438,2025-09-30 15h34.50.277263 +0530,
160,0,160,[np.float64(0.13055555555555556)],[np.float64(0.2388888888888889)],[1],[0],[0],[0.9064582000137307],['Target'],160,0,160,0,193.7121547999559,,5,193.6986026999657,193.7121547999559,193.7121547999559,0.027323100017383695,194.6051980999764,[np.float64(0.13055555555555556)],[np.float64(0.2388888888888889)],[1],[0],[0],[0.9064582000137307],['Target'],P2,001,2025-09-30_15h34.46.001,VisualSearch,,2025.1.1,59.38284597376438,2025-09-30 15h34.50.277263 +0530,
161,0,161,[np.float64(-0.002777777777777778)],[np.float64(-0.07222222222222222)],[1],[0],[0],[0.9353240999625996],[None],161,0,161,0,194.6447829999961,,5,194.63419129996328,194.6447829999961,194.6447829999961,0.028749499993864447,195.56968600000255,[np.float64(-0.002777777777777778)],[np.float64(-0.07222222222222222)],[1],[0],[0],[0.9353240999625996],[None],P2,001,2025-09-30_15h34.46.001,VisualSearch,,2025.1.1,59.38284597376438,2025-09-30 15h34.50.277263 +0530,
162,0,162,[np.float64(-0.2013888888888889)],[np.float64(-0.3486111111111111)],[1],[0],[0],[1.1228561000316404],[None],162,0,162,0,195.62857139995322,,10,195.6162631000043,195.62857139995322,195.62857139995322,0.046253499982412905,196.7393241999671,[np.float64(-0.2013888888888889)],[np.float64(-0.3486111111111111)],[1],[0],[0],[1.1228561000316404],[None],P2,001,2025-09-30_15h34.46.001,VisualSearch,,2025.1.1,59.38284597376438,2025-09-30 15h34.50.277263 +0530,
163,0,163,[np.float64(0.08472222222222223)],[np.float64(-0.46805555555555556)],[1],[0],[0],[2.788555900042411],[None],163,0,163,0,196.77829990000464,,5,196.7681560999481,196.77829990000464,196.77829990000464,0.028338400006759912,199.55684169998858,[np.float64(0.08472222222222223)],[np.float64(-0.46805555555555556)],[1],[0],[0],[2.788555900042411],[None],P2,001,2025-09-30_15h34.46.001,VisualSearch,,2025.1.1,59.38284597376438,2025-09-30 15h34.50.277263 +0530,
164,0,164,[np.float64(0.0)],[np.float64(-0.22916666666666666)],[1],[0],[0],[0.9905361999990419],['Target'],164,0,164,0,199.61164439999266,,10,199.5973511999473,199.61164439999266,199.61164439999266,0.04022409999743104,200.58808809996117,[np.float64(0.0)],[np.float64(-0.22916666666666666)],[1],[0],[0],[0.9905361999990419],['Target'],P2,001,2025-09-30_15h34.46.001,VisualSearch,,2025.1.1,59.38284597376438,2025-09-30 15h34.50.277263 +0530,
165,0,165,[np.float64(-0.3194444444444444)],[np.float64(0.06527777777777778)],[1],[0],[0],[0.8747741000261158],['Target'],165,0,165,0,200.6452905999613,,10,200.6221767999814,200.6452905999613,200.6452905999613,0.03357610001694411,201.4971050999593,[np.float64(-0.3194444444444444)],[np.float64(0.06527777777777778)],[1],[0],[0],[0.8747741000261158],['Target'],P2,001,2025-09-30_15h34.46.001,VisualSearch,,2025.1.1,59.38284597376438,2025-09-30 15h34.50.277263 +0530,
166,0,166,[np.float64(-0.375)],[np.float64(0.2902777777777778)],[1],[0],[0],[1.2163615000317805],['Target'],166,0,166,0,201.528569099959,,5,201.51653409999562,201.528569099959,201.528569099959,0.018918099987786263,202.7330445999978,[np.float64(-0.375)],[np.float64(0.2902777777777778)],[1],[0],[0],[1.2163615000317805],['Target'],P2,001,2025-09-30_15h34.46.001,VisualSearch,,2025.1.1,59.38284597376438,2025-09-30 15h34.50.277263 +0530,
167,0,167,[np.float64(-0.49444444444444446)],[np.float64(0.19027777777777777)],[1],[0],[0],[1.2211267999955453],[None],167,0,167,0,202.77849329996388,,5,202.7606015999918,202.77849329996388,202.77849329996388,0.02731500001391396,203.98184709995985,[np.float64(-0.49444444444444446)],[np.float64(0.19027777777777777)],[1],[0],[0],[1.2211267999955453],[None],P2,001,2025-09-30_15h34.46.001,VisualSearch,,2025.1.1,59.38284597376438,2025-09-30 15h34.50.277263 +0530,
168,0,168,[np.float64(-0.020833333333333332)],[np.float64(0.0)],[1],[0],[0],[0.7951569000142626],[None],168,0,168,0,204.0296727999812,,5,204.00861779996194,204.0296727999812,204.0296727999812,0.02650420001009479,204.80390089994762,[np.float64(-0.020833333333333332)],[np.float64(0.0)],[1],[0],[0],[0.7951569000142626],[None],P2,001,2025-09-30_15h34.46.001,VisualSearch,,2025.1.1,59.38284597376438,2025-09-30 15h34.50.277263 +0530,
169,0,169,[np.float64(-0.4166666666666667)],[np.float64(0.2125)],[1],[0],[0],[0.8912823999999091],['Target'],169,0,169,0,204.86164049996296,,10,204.84614519996103,204.86164049996296,204.86164049996296,0.04198380000889301,205.73757659998955,[np.float64(-0.4166666666666667)],[np.float64(0.2125)],[1],[0],[0],[0.8912823999999091],['Target'],P2,001,2025-09-30_15h34.46.001,VisualSearch,,2025.1.1,59.38284597376438,2025-09-30 15h34.50.277263 +0530,
170,0,170,[np.float64(-0.25972222222222224)],[np.float64(0.4652777777777778)],[1],[0],[0],[1.8750246999552473],['Target'],170,0,170,0,205.77828969998518,,5,205.76313729997491,205.77828969998518,205.77828969998518,0.025085699977353215,207.63830399996368,[np.float64(-0.25972222222222224)],[np.float64(0.4652777777777778)],[1],[0],[0],[1.8750246999552473],['Target'],P2,001,2025-09-30_15h34.46.001,VisualSearch,,2025.1.1,59.38284597376438,2025-09-30 15h34.50.277263 +0530,
171,0,171,[np.float64(0.07777777777777778)],[np.float64(0.09861111111111111)],[1],[0],[0],[1.0511087999911979],['Target'],171,0,171,0,207.69533489999594,,10,207.6808219999657,207.69533489999594,207.69533489999594,0.04224949999479577,208.73213279998163,[np.float64(0.07777777777777778)],[np.float64(0.09861111111111111)],[1],[0],[0],[1.0511087999911979],['Target'],P2,001,2025-09-30_15h34.46.001,VisualSearch,,2025.1.1,59.38284597376438,2025-09-30 15h34.50.277263 +0530,
172,0,172,[np.float64(-0.1763888888888889)],[np.float64(-0.20972222222222223)],[1],[0],[0],[1.137638500018511],['Target'],172,0,172,0,208.7780797999585,,10,208.76673709996976,208.7780797999585,208.7780797999585,0.034094100003130734,209.9045806999784,[np.float64(-0.1763888888888889)],[np.float64(-0.20972222222222223)],[1],[0],[0],[1.137638500018511],['Target'],P2,001,2025-09-30_15h34.46.001,VisualSearch,,2025.1.1,59.38284597376438,2025-09-30 15h34.50.277263 +0530,
173,0,173,[np.float64(-0.5)],[np.float64(-0.1763888888888889)],[1],[0],[0],[1.063886200019624],['Target'],173,0,173,0,209.96159479999915,,10,209.93929639999988,209.96159479999915,209.96159479999915,0.03424100001575425,211.00335379998432,[np.float64(-0.5)],[np.float64(-0.1763888888888889)],[1],[0],[0],[1.063886200019624],['Target'],P2,001,2025-09-30_15h34.46.001,VisualSearch,,2025.1.1,59.38284597376438,2025-09-30 15h34.50.277263 +0530,
174,0,174,[np.float64(0.09305555555555556)],[np.float64(-0.2791666666666667)],[1],[0],[0],[1.0784644999657758],['Target'],174,0,174,0,211.06154799996875,,10,211.03778689994942,211.06154799996875,211.06154799996875,0.034101400000508875,212.11646479996853,[np.float64(0.09305555555555556)],[np.float64(-0.2791666666666667)],[1],[0],[0],[1.0784644999657758],['Target'],P2,001,2025-09-30_15h34.46.001,VisualSearch,,2025.1.1,59.38284597376438,2025-09-30 15h34.50.277263 +0530,
175,0,175,[np.float64(-0.14444444444444443)],[np.float64(0.32083333333333336)],[1],[0],[0],[1.004131099965889],['Target'],175,0,175,0,212.1611062999582,,5,212.1492669999716,212.1611062999582,212.1611062999582,0.03231569996569306,213.15352100000018,[np.float64(-0.14444444444444443)],[np.float64(0.32083333333333336)],[1],[0],[0],[1.004131099965889],['Target'],P2,001,2025-09-30_15h34.46.001,VisualSearch,,2025.1.1,59.38284597376438,2025-09-30 15h34.50.277263 +0530,
176,0,176,[np.float64(-0.24027777777777778)],[np.float64(0.3875)],[1],[0],[0],[0.9258168999804184],['Target'],176,0,176,0,213.2115845999797,,10,213.18753709999146,213.2115845999797,213.2115845999797,0.03373510000528768,214.1134333999944,[np.float64(-0.24027777777777778)],[np.float64(0.3875)],[1],[0],[0],[0.9258168999804184],['Target'],P2,001,2025-09-30_15h34.46.001,VisualSearch,,2025.1.1,59.38284597376438,2025-09-30 15h34.50.277263 +0530,
177,0,177,[np.float64(-0.043055555555555555)],[np.float64(-0.25972222222222224)],[1],[0],[0],[1.1673097999882884],['Target'],177,0,177,0,214.1780132999993,,10,214.15232989995275,214.1780132999993,214.1780132999993,0.03873069997644052,215.31978579994757,[np.float64(-0.043055555555555555)],[np.float64(-0.25972222222222224)],[1],[0],[0],[1.1673097999882884],['Target'],P2,001,2025-09-30_15h34.46.001,VisualSearch,,2025.1.1,59.38284597376438,2025-09-30 15h34.50.277263 +0530,
178,0,178,[np.float64(-0.4513888888888889)],[np.float64(-0.24722222222222223)],[1],[0],[0],[0.8119382999720983],[None],178,0,178,0,215.361801299965,,5,215.34269109996967,215.361801299965,215.361801299965,0.022605700010899454,216.15481699997326,[np.float64(-0.4513888888888889)],[np.float64(-0.24722222222222223)],[1],[0],[0],[0.8119382999720983],[None],P2,001,2025-09-30_15h34.46.001,VisualSearch,,2025.1.1,59.38284597376438,2025-09-30 15h34.50.277263 +0530,
179,0,179,[np.float64(0.39861111111111114)],[np.float64(0.18472222222222223)],[1],[0],[0],[1.2990696000051685],['Target'],179,0,179,0,216.21159759996226,,5,216.18721239996376,216.21159759996226,216.21159759996226,0.03202179999789223,217.48640949995024,[np.float64(0.39861111111111114)],[np.float64(0.18472222222222223)],[1],[0],[0],[1.2990696000051685],['Target'],P2,001,2025-09-30_15h34.46.001,VisualSearch,,2025.1.1,59.38284597376438,2025-09-30 15h34.50.277263 +0530,
180,0,180,[np.float64(0.39444444444444443)],[np.float64(0.3333333333333333)],[1],[0],[0],[0.692590199992992],[None],180,0,180,0,217.54464899998857,,10,217.52345059998333,217.54464899998857,217.54464899998857,0.03677760000573471,218.21622229996137,[np.float64(0.39444444444444443)],[np.float64(0.3333333333333333)],[1],[0],[0],[0.692590199992992],[None],P2,001,2025-09-30_15h34.46.001,VisualSearch,,2025.1.1,59.38284597376438,2025-09-30 15h34.50.277263 +0530,
181,0,181,[np.float64(0.2875)],[np.float64(-0.03333333333333333)],[1],[0],[0],[0.8007255000411533],['Target'],181,0,181,0,218.2784466999583,,10,218.25551229994744,218.2784466999583,218.2784466999583,0.03895299998112023,219.05640859995037,[np.float64(0.2875)],[np.float64(-0.03333333333333333)],[1],[0],[0],[0.8007255000411533],['Target'],P2,001,2025-09-30_15h34.46.001,VisualSearch,,2025.1.1,59.38284597376438,2025-09-30 15h34.50.277263 +0530,
182,0,182,[np.float64(0.21805555555555556)],[np.float64(0.3277777777777778)],[1],[0],[0],[0.7520645000040531],[None],182,0,182,0,219.11140299995895,,10,219.08471599995391,219.11140299995895,219.11140299995895,0.027864200004842132,219.83693479996873,[np.float64(0.21805555555555556)],[np.float64(0.3277777777777778)],[1],[0],[0],[0.7520645000040531],[None],P2,001,2025-09-30_15h34.46.001,VisualSearch,,2025.1.1,59.38284597376438,2025-09-30 15h34.50.277263 +0530,
183,0,183,[np.float64(-0.44583333333333336)],[np.float64(0.1)],[1],[0],[0],[1.2316481999587268],['Target'],183,0,183,0,219.89450339996256,,10,219.8720129999565,219.89450339996256,219.89450339996256,0.034783000010065734,221.10387229995104,[np.float64(-0.44583333333333336)],[np.float64(0.1)],[1],[0],[0],[1.2316481999587268],['Target'],P2,001,2025-09-30_15h34.46.001,VisualSearch,,2025.1.1,59.38284597376438,2025-09-30 15h34.50.277263 +0530,
184,0,184,[np.float64(-0.11944444444444445)],[np.float64(0.2125)],[1],[0],[0],[0.8970216999878176],['Target'],184,0,184,0,221.16105959995184,,10,221.1392283999594,221.16105959995184,221.16105959995184,0.0348682000185363,222.03639439999824,[np.float64(-0.11944444444444445)],[np.float64(0.2125)],[1],[0],[0],[0.8970216999878176],['Target'],P2,001,2025-09-30_15h34.46.001,VisualSearch,,2025.1.1,59.38284597376438,2025-09-30 15h34.50.277263 +0530,
185,0,185,[np.float64(-0.37083333333333335)],[np.float64(-0.31805555555555554)],[1],[0],[0],[0.9559812000370584],['Target'],185,0,185,0,222.09456379996845,,10,222.0801476999768,222.09456379996845,222.09456379996845,0.043186700029764324,223.03630959999282,[np.float64(-0.37083333333333335)],[np.float64(-0.31805555555555554)],[1],[0],[0],[0.9559812000370584],['Target'],P2,001,2025-09-30_15h34.46.001,VisualSearch,,2025.1.1,59.38284597376438,2025-09-30 15h34.50.277263 +0530,
186,0,186,[np.float64(0.030555555555555555)],[np.float64(0.43333333333333335)],[1],[0],[0],[1.1603141999803483],['Target'],186,0,186,0,223.07816909998655,,5,223.06014359998517,223.07816909998655,223.07816909998655,0.023518099973443896,224.22059719997924,[np.float64(0.030555555555555555)],[np.float64(0.43333333333333335)],[1],[0],[0],[1.1603141999803483],['Target'],P2,001,2025-09-30_15h34.46.001,VisualSearch,,2025.1.1,59.38284597376438,2025-09-30 15h34.50.277263 +0530,
187,0,187,[np.float64(0.08472222222222223)],[np.float64(0.13333333333333333)],[1],[0],[0],[0.8959810000378639],['Target'],187,0,187,0,224.27757849998306,,10,224.25786999997217,224.27757849998306,224.27757849998306,0.03692879999289289,225.15401209995616,[np.float64(0.08472222222222223)],[np.float64(0.13333333333333333)],[1],[0],[0],[0.8959810000378639],['Target'],P2,001,2025-09-30_15h34.46.001,VisualSearch,,2025.1.1,59.38284597376438,2025-09-30 15h34.50.277263 +0530,
188,0,188,[np.float64(0.029166666666666667)],[np.float64(0.38472222222222224)],[1],[0],[0],[0.8751971999881789],['Target'],188,0,188,0,225.19455499999458,,5,225.1804439999978,225.19455499999458,225.19455499999458,0.02609840000513941,226.05577849998372,[np.float64(0.029166666666666667)],[np.float64(0.38472222222222224)],[1],[0],[0],[0.8751971999881789],['Target'],P2,001,2025-09-30_15h34.46.001,VisualSearch,,2025.1.1,59.38284597376438,2025-09-30 15h34.50.277263 +0530,
189,0,189,[np.float64(-0.3819444444444444)],[np.float64(-0.4625)],[1],[0],[0],[1.1225854000076652],['Target'],189,0,189,0,226.09454589994857,,5,226.08372599998256,226.09454589994857,226.09454589994857,0.027695900003891438,227.20652219996555,[np.float64(-0.3819444444444444)],[np.float64(-0.4625)],[1],[0],[0],[1.1225854000076652],['Target'],P2,001,2025-09-30_15h34.46.001,VisualSearch,,2025.1.1,59.38284597376438,2025-09-30 15h34.50.277263 +0530,
190,0,190,[np.float64(-0.2791666666666667)],[np.float64(-0.041666666666666664)],[1],[0],[0],[0.9175400999956764],['Target'],190,0,190,0,227.26111399999354,,5,227.23601279995637,227.26111399999354,227.26111399999354,0.02905559999635443,228.15367039997363,[np.float64(-0.2791666666666667)],[np.float64(-0.041666666666666664)],[1],[0],[0],[0.9175400999956764],['Target'],P2,001,2025-09-30_15h34.46.001,VisualSearch,,2025.1.1,59.38284597376438,2025-09-30 15h34.50.277263 +0530,
191,0,191,[np.float64(-0.15138888888888888)],[np.float64(0.30277777777777776)],[1],[0],[0],[0.7552913000108674],['Target'],191,0,191,0,228.1942159999744,,5,228.18106979998993,228.1942159999744,228.1942159999744,0.02714319998631254,228.93650329997763,[np.float64(-0.15138888888888888)],[np.float64(0.30277777777777776)],[1],[0],[0],[0.7552913000108674],['Target'],P2,001,2025-09-30_15h34.46.001,VisualSearch,,2025.1.1,59.38284597376438,2025-09-30 15h34.50.277263 +0530,
192,0,192,[np.float64(-0.05)],[np.float64(0.09583333333333334)],[1],[0],[0],[1.0694754000287503],['Target'],192,0,192,0,229.0110610999982,,10,228.98345790000167,229.0110610999982,229.0110610999982,0.04669109999667853,230.0530872999807,[np.float64(-0.05)],[np.float64(0.09583333333333334)],[1],[0],[0],[1.0694754000287503],['Target'],P2,001,2025-09-30_15h34.46.001,VisualSearch,,2025.1.1,59.38284597376438,2025-09-30 15h34.50.277263 +0530,
193,0,193,[np.float64(0.18888888888888888)],[np.float64(0.02361111111111111)],[1],[0],[0],[0.8586710999952629],['Target'],193,0,193,0,230.09425309998915,,5,230.0787275999901,230.09425309998915,230.09425309998915,0.025292000034824014,230.93754049995914,[np.float64(0.18888888888888888)],[np.float64(0.02361111111111111)],[1],[0],[0],[0.8586710999952629],['Target'],P2,001,2025-09-30_15h34.46.001,VisualSearch,,2025.1.1,59.38284597376438,2025-09-30 15h34.50.277263 +0530,
194,0,194,[np.float64(-0.14722222222222223)],[np.float64(0.32916666666666666)],[1],[0],[0],[0.94046030001482],['Target'],194,0,194,0,231.01178199995775,,10,230.97880699997768,231.01178199995775,231.01178199995775,0.041048700048122555,231.91946889995597,[np.float64(-0.14722222222222223)],[np.float64(0.32916666666666666)],[1],[0],[0],[0.94046030001482],['Target'],P2,001,2025-09-30_15h34.46.001,VisualSearch,,2025.1.1,59.38284597376438,2025-09-30 15h34.50.277263 +0530,
195,0,195,[np.float64(-0.001388888888888889)],[np.float64(0.275)],[1],[0],[0],[0.8647406999953091],[None],195,0,195,0,231.96132020000368,,5,231.93857820000267,231.96132020000368,231.96132020000368,0.018664800038095564,232.80348139995476,[np.float64(-0.001388888888888889)],[np.float64(0.275)],[1],[0],[0],[0.8647406999953091],[None],P2,001,2025-09-30_15h34.46.001,VisualSearch,,2025.1.1,59.38284597376438,2025-09-30 15h34.50.277263 +0530,
196,0,196,[np.float64(-0.16111111111111112)],[np.float64(-0.44166666666666665)],[1],[0],[0],[1.3070913000265136],['Target'],196,0,196,0,232.84425229998305,,5,232.82898309995653,232.84425229998305,232.84425229998305,0.025207199971191585,234.1362485999707,[np.float64(-0.16111111111111112)],[np.float64(-0.44166666666666665)],[1],[0],[0],[1.3070913000265136],['Target'],P2,001,2025-09-30_15h34.46.001,VisualSearch,,2025.1.1,59.38284597376438,2025-09-30 15h34.50.277263 +0530,
197,0,197,[np.float64(-0.34305555555555556)],[np.float64(0.225)],[1],[0],[0],[1.056305699981749],['Target'],197,0,197,0,234.19428599998355,,10,234.17972229997395,234.19428599998355,234.19428599998355,0.04320399998687208,235.236249199952,[np.float64(-0.34305555555555556)],[np.float64(0.225)],[1],[0],[0],[1.056305699981749],['Target'],P2,001,2025-09-30_15h34.46.001,VisualSearch,,2025.1.1,59.38284597376438,2025-09-30 15h34.50.277263 +0530,
198,0,198,[np.float64(-0.10138888888888889)],[np.float64(0.30416666666666664)],[1],[0],[0],[0.94658889999846],[None],198,0,198,0,235.29457629995886,,5,235.26732159999665,235.29457629995886,235.29457629995886,0.030601400008890778,236.2140827999683,[np.float64(-0.10138888888888889)],[np.float64(0.30416666666666664)],[1],[0],[0],[0.94658889999846],[None],P2,001,2025-09-30_15h34.46.001,VisualSearch,,2025.1.1,59.38284597376438,2025-09-30 15h34.50.277263 +0530,
199,0,199,[np.float64(0.11805555555555555)],[np.float64(-0.29305555555555557)],[1],[0],[0],[1.044542200048454],['Target'],199,0,199,0,236.26042749994667,,5,236.24044149997644,236.26042749994667,236.26042749994667,0.026103999989572912,237.285113299964,[np.float64(0.11805555555555555)],[np.float64(-0.29305555555555557)],[1],[0],[0],[1.044542200048454],['Target'],P2,001,2025-09-30_15h34.46.001,VisualSearch,,2025.1.1,59.38284597376438,2025-09-30 15h34.50.277263 +0530,
