shape,side,thisN,thisTrialN,thisRepN,key_resp.keys,key_resp.rt,key_resp.duration,trials.thisRepN,trials.thisTrialN,trials.thisN,trials.thisIndex,experiment.thisRepN,experiment.thisTrialN,experiment.thisN,experiment.thisIndex,thisRow.t,notes,Instructions.started,text.started,key_resp_2.started,Instructions.stopped,key_resp_2.keys,key_resp_2.rt,key_resp_2.duration,trial.started,fixation.started,fixation.stopped,rectstim.started,circstim.started,key_resp.started,rectstim.stopped,circstim.stopped,trial.stopped,trials.key_resp.keys,trials.key_resp.rt,trials.key_resp.duration,corrKey,correct,congruent,stim_side,resp_side,Final_Instructions.started,text_2.started,key_resp_5.started,Final_Instructions.stopped,key_resp_5.keys,key_resp_5.rt,key_resp_5.duration,experiment.key_resp.keys,experiment.key_resp.rt,experiment.key_resp.duration,Thank_You.started,ThankYou.started,key_resp_3.started,participant,session,age,gender,date,expName,expVersion,psychopyVersion,frameRate,key_for_square,key_for_circle,expStart
,,,,,,,,,,,,,,,,,,0.0015527,0.0039493,0.0039493,2.3949849,space,2.3762395,None,,,,,,,,,,,,,,,,,,,,,,,,,,,,,,,P003,1,21,man,2025-11-20_10h20.29.465,SimonTask,,2025.1.1,60.01219447,p,q,2025-11-20 10h20.37.418496 +0530
square,left,0,0,0,q,0.5439767,None,0,0,0,0,,,,,2.4066079,,,,,,,,,2.3997073,2.4066079,2.6067005,2.6067005,2.6067005,2.6067005,3.1066797,3.1066797,3.1571912,q,0.5439767,None,p,0,0,left,right,,,,,,,,,,,,,,P003,1,21,man,2025-11-20_10h20.29.465,SimonTask,,2025.1.1,60.01219447,p,q,2025-11-20 10h20.37.418496 +0530
circle,left,1,1,0,p,0.5241902,None,0,1,1,2,,,,,3.1733068,,,,,,,,,3.1579274,3.1733068,3.3732362,3.3566625,3.3566625,3.3566625,3.8566799,3.8566799,3.8903185,p,0.5241902,None,q,0,1,left,left,,,,,,,,,,,,,,P003,1,21,man,2025-11-20_10h20.29.465,SimonTask,,2025.1.1,60.01219447,p,q,2025-11-20 10h20.37.418496 +0530
square,right,2,2,0,q,0.4926078,None,0,2,2,1,,,,,3.9067064,,,,,,,,,3.8911877,3.9067064,4.1067796,4.0901321,4.0901321,4.0901321,4.58987,4.58987,4.5905446,q,0.4926078,None,p,0,1,right,right,,,,,,,,,,,,,,P003,1,21,man,2025-11-20_10h20.29.465,SimonTask,,2025.1.1,60.01219447,p,q,2025-11-20 10h20.37.418496 +0530
circle,right,3,3,0,q,0.4415626,None,0,3,3,3,,,,,4.6066002,,,,,,,,,4.5908733,4.6066002,4.8066324,4.790108,4.790108,4.790108,,,5.2402972,q,0.4415626,None,q,1,0,right,left,,,,,,,,,,,,,,P003,1,21,man,2025-11-20_10h20.29.465,SimonTask,,2025.1.1,60.01219447,p,q,2025-11-20 10h20.37.418496 +0530
circle,left,4,0,1,p,0.5332346,None,1,0,4,2,,,,,5.2565597,,,,,,,,,5.240683,5.2565597,5.4565199,5.4398107,5.4398107,5.4398107,5.9400246,5.9400246,5.9734321,p,0.5332346,None,q,0,1,left,left,,,,,,,,,,,,,,P003,1,21,man,2025-11-20_10h20.29.465,SimonTask,,2025.1.1,60.01219447,p,q,2025-11-20 10h20.37.418496 +0530
square,left,5,1,1,q,0.428574,None,1,1,5,0,,,,,5.9899314,,,,,,,,,5.9737298,5.9899314,6.1897877,6.173341,6.173341,6.173341,,,6.6071264,q,0.428574,None,p,0,0,left,right,,,,,,,,,,,,,,P003,1,21,man,2025-11-20_10h20.29.465,SimonTask,,2025.1.1,60.01219447,p,q,2025-11-20 10h20.37.418496 +0530
circle,right,6,2,1,p,0.4050298,None,1,2,6,3,,,,,6.6232533,,,,,,,,,6.6079387,6.6232533,6.8232331,6.8067176,6.8067176,6.8067176,,,7.2233107,p,0.4050298,None,q,0,0,right,left,,,,,,,,,,,,,,P003,1,21,man,2025-11-20_10h20.29.465,SimonTask,,2025.1.1,60.01219447,p,q,2025-11-20 10h20.37.418496 +0530
square,right,7,3,1,q,0.3903613,None,1,3,7,1,,,,,7.2400605,,,,,,,,,7.2236815,7.2400605,7.4399072,7.4231188,7.4231188,7.4231188,,,7.8236129,q,0.3903613,None,p,0,1,right,right,,,,,,,,,,,,,,P003,1,21,man,2025-11-20_10h20.29.465,SimonTask,,2025.1.1,60.01219447,p,q,2025-11-20 10h20.37.418496 +0530
circle,left,8,0,2,p,0.3539285,None,2,0,8,2,,,,,7.8398853,,,,,,,,,7.8242118,7.8398853,8.0399538,8.0231858,8.0231858,8.0231858,,,8.3900378,p,0.3539285,None,q,0,1,left,left,,,,,,,,,,,,,,P003,1,21,man,2025-11-20_10h20.29.465,SimonTask,,2025.1.1,60.01219447,p,q,2025-11-20 10h20.37.418496 +0530
square,left,9,1,2,p,0.4046794,None,2,1,9,0,,,,,8.406308,,,,,,,,,8.3905433,8.406308,8.606407,8.589685,8.589685,8.589685,,,9.0067441,p,0.4046794,None,p,1,0,left,right,,,,,,,,,,,,,,P003,1,21,man,2025-11-20_10h20.29.465,SimonTask,,2025.1.1,60.01219447,p,q,2025-11-20 10h20.37.418496 +0530
square,right,10,2,2,q,0.3873709,None,2,2,10,1,,,,,9.0228154,,,,,,,,,9.0073786,9.0228154,9.2228312,9.2062845,9.2062845,9.2062845,,,9.6067116,q,0.3873709,None,p,0,1,right,right,,,,,,,,,,,,,,P003,1,21,man,2025-11-20_10h20.29.465,SimonTask,,2025.1.1,60.01219447,p,q,2025-11-20 10h20.37.418496 +0530
circle,right,11,3,2,p,0.4682426,None,2,3,11,3,,,,,9.6228107,,,,,,,,,9.6073408,9.6228107,9.8228166,9.8062719,9.8062719,9.8062719,10.3062551,10.3062551,10.2900645,p,0.4682426,None,q,0,0,right,left,,,,,,,,,,,,,,P003,1,21,man,2025-11-20_10h20.29.465,SimonTask,,2025.1.1,60.01219447,p,q,2025-11-20 10h20.37.418496 +0530
circle,left,12,0,3,p,0.3883865,None,3,0,12,2,,,,,10.3062551,,,,,,,,,10.2906641,10.3062551,10.5062577,10.4896134,10.4896134,10.4896134,,,10.890011,p,0.3883865,None,q,0,1,left,left,,,,,,,,,,,,,,P003,1,21,man,2025-11-20_10h20.29.465,SimonTask,,2025.1.1,60.01219447,p,q,2025-11-20 10h20.37.418496 +0530
circle,right,13,1,3,p,0.4522098,None,3,1,13,3,,,,,10.9062194,,,,,,,,,10.890637,10.9062194,11.1062427,11.089582,11.089582,11.089582,,,11.5566785,p,0.4522098,None,q,0,0,right,left,,,,,,,,,,,,,,P003,1,21,man,2025-11-20_10h20.29.465,SimonTask,,2025.1.1,60.01219447,p,q,2025-11-20 10h20.37.418496 +0530
square,left,14,2,3,q,0.3662172,None,3,2,14,0,,,,,11.5731262,,,,,,,,,11.5570416,11.5731262,11.7730694,11.7563218,11.7563218,11.7563218,,,12.1237497,q,0.3662172,None,p,0,0,left,right,,,,,,,,,,,,,,P003,1,21,man,2025-11-20_10h20.29.465,SimonTask,,2025.1.1,60.01219447,p,q,2025-11-20 10h20.37.418496 +0530
square,right,15,3,3,q,0.5401109,None,3,3,15,1,,,,,12.1397942,,,,,,,,,12.1244448,12.1397942,12.3396996,12.3228899,12.3228899,12.3228899,12.8229427,12.8229427,12.8736644,q,0.5401109,None,p,0,1,right,right,,,,,,,,,,,,,,P003,1,21,man,2025-11-20_10h20.29.465,SimonTask,,2025.1.1,60.01219447,p,q,2025-11-20 10h20.37.418496 +0530
square,left,16,0,4,q,0.3524987,None,4,0,16,0,,,,,12.8898576,,,,,,,,,12.8746958,12.8898576,13.0896956,13.0730235,13.0730235,13.0730235,,,13.4401677,q,0.3524987,None,p,0,0,left,right,,,,,,,,,,,,,,P003,1,21,man,2025-11-20_10h20.29.465,SimonTask,,2025.1.1,60.01219447,p,q,2025-11-20 10h20.37.418496 +0530
circle,right,17,1,4,p,0.4134909,None,4,1,17,3,,,,,13.456464,,,,,,,,,13.4409168,13.456464,13.6563392,13.6396308,13.6396308,13.6396308,,,14.0565106,p,0.4134909,None,q,0,0,right,left,,,,,,,,,,,,,,P003,1,21,man,2025-11-20_10h20.29.465,SimonTask,,2025.1.1,60.01219447,p,q,2025-11-20 10h20.37.418496 +0530
circle,left,18,2,4,q,0.368581,None,4,2,18,2,,,,,14.0731124,,,,,,,,,14.0568332,14.0731124,14.2730183,14.2563923,14.2563923,14.2563923,,,14.6403515,q,0.368581,None,q,1,1,left,left,,,,,,,,,,,,,,P003,1,21,man,2025-11-20_10h20.29.465,SimonTask,,2025.1.1,60.01219447,p,q,2025-11-20 10h20.37.418496 +0530
square,right,19,3,4,p,0.3514723,None,4,3,19,1,,,,,14.656308,,,,,,,,,14.6411135,14.656308,14.8565084,14.8396954,14.8396954,14.8396954,,,15.2064313,p,0.3514723,None,p,1,1,right,right,,,,,,,,,,,,,,P003,1,21,man,2025-11-20_10h20.29.465,SimonTask,,2025.1.1,60.01219447,p,q,2025-11-20 10h20.37.418496 +0530
,,,,,,,,,,,,,,,,,,,,,,,,,,,,,,,,,,,,,,,,,,15.2065102,15.2230922,15.2230922,15.990054,space,0.7572331,None,,,,,,,P003,1,21,man,2025-11-20_10h20.29.465,SimonTask,,2025.1.1,60.01219447,p,q,2025-11-20 10h20.37.418496 +0530
square,left,0,0,0,q,0.3165794,None,,,,,0,0,0,0,16.0064129,,,,,,,,,15.9930397,16.0064129,16.2063169,16.1896061,16.1896061,16.1896061,,,16.5065691,,,,p,0,0,left,right,,,,,,,,q,0.3165794,None,,,,P003,1,21,man,2025-11-20_10h20.29.465,SimonTask,,2025.1.1,60.01219447,p,q,2025-11-20 10h20.37.418496 +0530
square,right,1,1,0,q,0.3748252,None,,,,,0,1,1,1,16.5230233,,,,,,,,,16.5068768,16.5230233,16.7230508,16.7065201,16.7065201,16.7065201,,,17.0902687,,,,p,0,1,right,right,,,,,,,,q,0.3748252,None,,,,P003,1,21,man,2025-11-20_10h20.29.465,SimonTask,,2025.1.1,60.01219447,p,q,2025-11-20 10h20.37.418496 +0530
circle,right,2,2,0,p,0.4692482,None,,,,,0,2,2,3,17.1062171,,,,,,,,,17.0909646,17.1062171,17.306373,17.289524,17.289524,17.289524,17.7894332,17.7894332,17.7733809,,,,q,0,0,right,left,,,,,,,,p,0.4692482,None,,,,P003,1,21,man,2025-11-20_10h20.29.465,SimonTask,,2025.1.1,60.01219447,p,q,2025-11-20 10h20.37.418496 +0530
circle,left,3,3,0,p,0.3537633,None,,,,,0,3,3,2,17.7894332,,,,,,,,,17.7739579,17.7894332,17.9896367,17.9728364,17.9728364,17.9728364,,,18.3400772,,,,q,0,1,left,left,,,,,,,,p,0.3537633,None,,,,P003,1,21,man,2025-11-20_10h20.29.465,SimonTask,,2025.1.1,60.01219447,p,q,2025-11-20 10h20.37.418496 +0530
square,left,4,0,1,p,0.3698406,None,,,,,1,0,4,0,18.3563952,,,,,,,,,18.3405657,18.3563952,18.5564411,18.5395932,18.5395932,18.5395932,,,18.9234513,,,,p,1,0,left,right,,,,,,,,p,0.3698406,None,,,,P003,1,21,man,2025-11-20_10h20.29.465,SimonTask,,2025.1.1,60.01219447,p,q,2025-11-20 10h20.37.418496 +0530
circle,left,5,1,1,p,0.5580007,None,,,,,1,1,5,2,18.9397347,,,,,,,,,18.9239051,18.9397347,19.1393772,19.1229912,19.1229912,19.1229912,19.6228899,19.6228899,19.6899774,,,,q,0,1,left,left,,,,,,,,p,0.5580007,None,,,,P003,1,21,man,2025-11-20_10h20.29.465,SimonTask,,2025.1.1,60.01219447,p,q,2025-11-20 10h20.37.418496 +0530
circle,right,6,2,1,q,0.4792178,None,,,,,1,2,6,3,19.7061995,,,,,,,,,19.6904521,19.7061995,19.9063024,19.8896266,19.8896266,19.8896266,20.389384,20.389384,20.3730887,,,,q,1,0,right,left,,,,,,,,q,0.4792178,None,,,,P003,1,21,man,2025-11-20_10h20.29.465,SimonTask,,2025.1.1,60.01219447,p,q,2025-11-20 10h20.37.418496 +0530
square,right,7,3,1,q,0.5227002,None,,,,,1,3,7,1,20.389384,,,,,,,,,20.3733856,20.389384,20.5895659,20.572894,20.572894,20.572894,21.0727286,21.0727286,21.1066545,,,,p,0,1,right,right,,,,,,,,q,0.5227002,None,,,,P003,1,21,man,2025-11-20_10h20.29.465,SimonTask,,2025.1.1,60.01219447,p,q,2025-11-20 10h20.37.418496 +0530
circle,left,8,0,2,p,0.4253042,None,,,,,2,0,8,2,21.1228436,,,,,,,,,21.1070767,21.1228436,21.3228051,21.3061598,21.3061598,21.3061598,,,21.7398802,,,,q,0,1,left,left,,,,,,,,p,0.4253042,None,,,,P003,1,21,man,2025-11-20_10h20.29.465,SimonTask,,2025.1.1,60.01219447,p,q,2025-11-20 10h20.37.418496 +0530
circle,right,9,1,2,p,0.4729583,None,,,,,2,1,9,3,21.7563158,,,,,,,,,21.7402026,21.7563158,21.9562855,21.9393546,21.9393546,21.9393546,22.4395832,22.4395832,22.4234817,,,,q,0,0,right,left,,,,,,,,p,0.4729583,None,,,,P003,1,21,man,2025-11-20_10h20.29.465,SimonTask,,2025.1.1,60.01219447,p,q,2025-11-20 10h20.37.418496 +0530
square,left,10,2,2,q,0.409507,None,,,,,2,2,10,0,22.4395832,,,,,,,,,22.4242259,22.4395832,22.6392942,22.622772,22.622772,22.622772,,,23.0401627,,,,p,0,0,left,right,,,,,,,,q,0.409507,None,,,,P003,1,21,man,2025-11-20_10h20.29.465,SimonTask,,2025.1.1,60.01219447,p,q,2025-11-20 10h20.37.418496 +0530
square,right,11,3,2,q,0.4039635,None,,,,,2,3,11,1,23.0560897,,,,,,,,,23.040486,23.0560897,23.2563681,23.2394504,23.2394504,23.2394504,,,23.6567988,,,,p,0,1,right,right,,,,,,,,q,0.4039635,None,,,,P003,1,21,man,2025-11-20_10h20.29.465,SimonTask,,2025.1.1,60.01219447,p,q,2025-11-20 10h20.37.418496 +0530
circle,right,12,0,3,q,0.3410929,None,,,,,3,0,12,3,23.6728763,,,,,,,,,23.6570964,23.6728763,23.8728223,23.8563462,23.8563462,23.8563462,,,24.2065205,,,,q,1,0,right,left,,,,,,,,q,0.3410929,None,,,,P003,1,21,man,2025-11-20_10h20.29.465,SimonTask,,2025.1.1,60.01219447,p,q,2025-11-20 10h20.37.418496 +0530
square,right,13,1,3,q,0.5779831,None,,,,,3,1,13,1,24.2226709,,,,,,,,,24.2068678,24.2226709,24.4227434,24.4062843,24.4062843,24.4062843,24.9060841,24.9060841,24.989543,,,,p,0,1,right,right,,,,,,,,q,0.5779831,None,,,,P003,1,21,man,2025-11-20_10h20.29.465,SimonTask,,2025.1.1,60.01219447,p,q,2025-11-20 10h20.37.418496 +0530
circle,left,14,2,3,p,0.4524059,None,,,,,3,2,14,2,25.0063126,,,,,,,,,24.9898587,25.0063126,25.2061564,25.1897824,25.1897824,25.1897824,,,25.6567313,,,,q,0,1,left,left,,,,,,,,p,0.4524059,None,,,,P003,1,21,man,2025-11-20_10h20.29.465,SimonTask,,2025.1.1,60.01219447,p,q,2025-11-20 10h20.37.418496 +0530
square,left,15,3,3,q,0.6550792,None,,,,,3,3,15,0,25.6728067,,,,,,,,,25.6574941,25.6728067,25.8725959,25.8560175,25.8560175,25.8560175,26.3562065,26.3562065,26.5232922,,,,p,0,0,left,right,,,,,,,,q,0.6550792,None,,,,P003,1,21,man,2025-11-20_10h20.29.465,SimonTask,,2025.1.1,60.01219447,p,q,2025-11-20 10h20.37.418496 +0530
square,right,16,0,4,q,0.5011686,None,,,,,4,0,16,1,26.5395486,,,,,,,,,26.5242035,26.5395486,26.7394178,26.7226246,26.7226246,26.7226246,27.2225271,27.2225271,27.2395613,,,,p,0,1,right,right,,,,,,,,q,0.5011686,None,,,,P003,1,21,man,2025-11-20_10h20.29.465,SimonTask,,2025.1.1,60.01219447,p,q,2025-11-20 10h20.37.418496 +0530
square,left,17,1,4,q,0.4281858,None,,,,,4,1,17,0,27.2558154,,,,,,,,,27.2400874,27.2558154,27.4557985,27.4390833,27.4390833,27.4390833,,,27.8727441,,,,p,0,0,left,right,,,,,,,,q,0.4281858,None,,,,P003,1,21,man,2025-11-20_10h20.29.465,SimonTask,,2025.1.1,60.01219447,p,q,2025-11-20 10h20.37.418496 +0530
circle,right,18,2,4,p,0.4205334,None,,,,,4,2,18,3,27.8890847,,,,,,,,,27.8733843,27.8890847,28.0890872,28.0723033,28.0723033,28.0723033,,,28.5061987,,,,q,0,0,right,left,,,,,,,,p,0.4205334,None,,,,P003,1,21,man,2025-11-20_10h20.29.465,SimonTask,,2025.1.1,60.01219447,p,q,2025-11-20 10h20.37.418496 +0530
circle,left,19,3,4,p,0.4393157,None,,,,,4,3,19,2,28.5223104,,,,,,,,,28.5068434,28.5223104,28.7222808,28.7057309,28.7057309,28.7057309,,,29.1560748,,,,q,0,1,left,left,,,,,,,,p,0.4393157,None,,,,P003,1,21,man,2025-11-20_10h20.29.465,SimonTask,,2025.1.1,60.01219447,p,q,2025-11-20 10h20.37.418496 +0530
circle,right,20,0,5,p,0.5134855,None,,,,,5,0,20,3,29.1722984,,,,,,,,,29.1565389,29.1722984,29.3723484,29.3557788,29.3557788,29.3557788,29.8557129,29.8557129,29.8726463,,,,q,0,0,right,left,,,,,,,,p,0.5134855,None,,,,P003,1,21,man,2025-11-20_10h20.29.465,SimonTask,,2025.1.1,60.01219447,p,q,2025-11-20 10h20.37.418496 +0530
circle,left,21,1,5,p,0.5467327,None,,,,,5,1,21,2,29.8890146,,,,,,,,,29.8733027,29.8890146,30.0890997,30.0722382,30.0722382,30.0722382,30.5725603,30.5725603,30.6228329,,,,q,0,1,left,left,,,,,,,,p,0.5467327,None,,,,P003,1,21,man,2025-11-20_10h20.29.465,SimonTask,,2025.1.1,60.01219447,p,q,2025-11-20 10h20.37.418496 +0530
square,left,22,2,5,q,0.5408526,None,,,,,5,2,22,0,30.6393189,,,,,,,,,30.6232555,30.6393189,30.8393093,30.8224951,30.8224951,30.8224951,31.3223987,31.3223987,31.372913,,,,p,0,0,left,right,,,,,,,,q,0.5408526,None,,,,P003,1,21,man,2025-11-20_10h20.29.465,SimonTask,,2025.1.1,60.01219447,p,q,2025-11-20 10h20.37.418496 +0530
square,right,23,3,5,q,0.4818467,None,,,,,5,3,23,1,31.3893886,,,,,,,,,31.3735902,31.3893886,31.5892129,31.572566,31.572566,31.572566,32.0724998,32.0724998,32.0561591,,,,p,0,1,right,right,,,,,,,,q,0.4818467,None,,,,P003,1,21,man,2025-11-20_10h20.29.465,SimonTask,,2025.1.1,60.01219447,p,q,2025-11-20 10h20.37.418496 +0530
circle,right,24,0,6,p,0.3839071,None,,,,,6,0,24,3,32.0724998,,,,,,,,,32.0567538,32.0724998,32.2725145,32.2557415,32.2557415,32.2557415,,,32.6562991,,,,q,0,0,right,left,,,,,,,,p,0.3839071,None,,,,P003,1,21,man,2025-11-20_10h20.29.465,SimonTask,,2025.1.1,60.01219447,p,q,2025-11-20 10h20.37.418496 +0530
square,right,25,1,6,q,0.4908186,None,,,,,6,1,25,1,32.672463,,,,,,,,,32.6569932,32.672463,32.8726051,32.8559236,32.8559236,32.8559236,33.3558957,33.3558957,33.3564672,,,,p,0,1,right,right,,,,,,,,q,0.4908186,None,,,,P003,1,21,man,2025-11-20_10h20.29.465,SimonTask,,2025.1.1,60.01219447,p,q,2025-11-20 10h20.37.418496 +0530
circle,left,26,2,6,p,0.3610128,None,,,,,6,2,26,2,33.3723234,,,,,,,,,33.357228,33.3723234,33.5723478,33.5558379,33.5558379,33.5558379,,,33.9229847,,,,q,0,1,left,left,,,,,,,,p,0.3610128,None,,,,P003,1,21,man,2025-11-20_10h20.29.465,SimonTask,,2025.1.1,60.01219447,p,q,2025-11-20 10h20.37.418496 +0530
square,left,27,3,6,q,0.4770109,None,,,,,6,3,27,0,33.9389548,,,,,,,,,33.9235623,33.9389548,34.1391963,34.1222931,34.1222931,34.1222931,34.6223765,34.6223765,34.6066607,,,,p,0,0,left,right,,,,,,,,q,0.4770109,None,,,,P003,1,21,man,2025-11-20_10h20.29.465,SimonTask,,2025.1.1,60.01219447,p,q,2025-11-20 10h20.37.418496 +0530
square,left,28,0,7,q,0.4316353,None,,,,,7,0,28,0,34.6223765,,,,,,,,,34.6074394,34.6223765,34.8220484,34.8220484,34.8220484,34.8220484,,,35.2561947,,,,p,0,0,left,right,,,,,,,,q,0.4316353,None,,,,P003,1,21,man,2025-11-20_10h20.29.465,SimonTask,,2025.1.1,60.01219447,p,q,2025-11-20 10h20.37.418496 +0530
circle,right,29,1,7,p,0.3387298,None,,,,,7,1,29,3,35.2723908,,,,,,,,,35.2565602,35.2723908,35.4723243,35.4555629,35.4555629,35.4555629,,,35.8063904,,,,q,0,0,right,left,,,,,,,,p,0.3387298,None,,,,P003,1,21,man,2025-11-20_10h20.29.465,SimonTask,,2025.1.1,60.01219447,p,q,2025-11-20 10h20.37.418496 +0530
square,right,30,2,7,q,0.4214524,None,,,,,7,2,30,1,35.8225362,,,,,,,,,35.8071781,35.8225362,36.0223611,36.0058245,36.0058245,36.0058245,,,36.4394528,,,,p,0,1,right,right,,,,,,,,q,0.4214524,None,,,,P003,1,21,man,2025-11-20_10h20.29.465,SimonTask,,2025.1.1,60.01219447,p,q,2025-11-20 10h20.37.418496 +0530
circle,left,31,3,7,p,0.393767,None,,,,,7,3,31,2,36.4555316,,,,,,,,,36.4397508,36.4555316,36.6556824,36.6392274,36.6392274,36.6392274,,,37.0396219,,,,q,0,1,left,left,,,,,,,,p,0.393767,None,,,,P003,1,21,man,2025-11-20_10h20.29.465,SimonTask,,2025.1.1,60.01219447,p,q,2025-11-20 10h20.37.418496 +0530
circle,right,32,0,8,p,0.438829,None,,,,,8,0,32,3,37.0557768,,,,,,,,,37.04007,37.0557768,37.2557799,37.2392795,37.2392795,37.2392795,,,37.6894619,,,,q,0,0,right,left,,,,,,,,p,0.438829,None,,,,P003,1,21,man,2025-11-20_10h20.29.465,SimonTask,,2025.1.1,60.01219447,p,q,2025-11-20 10h20.37.418496 +0530
circle,left,33,1,8,q,0.3752714,None,,,,,8,1,33,2,37.7057042,,,,,,,,,37.6898784,37.7057042,37.9059821,37.8889853,37.8889853,37.8889853,,,38.2730883,,,,q,1,1,left,left,,,,,,,,q,0.3752714,None,,,,P003,1,21,man,2025-11-20_10h20.29.465,SimonTask,,2025.1.1,60.01219447,p,q,2025-11-20 10h20.37.418496 +0530
square,right,34,2,8,p,0.4402713,None,,,,,8,2,34,1,38.2890605,,,,,,,,,38.2736556,38.2890605,38.4888737,38.4724793,38.4724793,38.4724793,,,38.9227191,,,,p,1,1,right,right,,,,,,,,p,0.4402713,None,,,,P003,1,21,man,2025-11-20_10h20.29.465,SimonTask,,2025.1.1,60.01219447,p,q,2025-11-20 10h20.37.418496 +0530
square,left,35,3,8,p,0.658982,None,,,,,8,3,35,0,38.9390236,,,,,,,,,38.923063,38.9390236,39.1389792,39.1223312,39.1223312,39.1223312,39.6223506,39.6223506,39.7891644,,,,p,1,0,left,right,,,,,,,,p,0.658982,None,,,,P003,1,21,man,2025-11-20_10h20.29.465,SimonTask,,2025.1.1,60.01219447,p,q,2025-11-20 10h20.37.418496 +0530
square,left,36,0,9,q,0.5136394,None,,,,,9,0,36,0,39.8056636,,,,,,,,,39.7895754,39.8056636,40.0055625,39.9889153,39.9889153,39.9889153,40.4891474,40.4891474,40.5062842,,,,p,0,0,left,right,,,,,,,,q,0.5136394,None,,,,P003,1,21,man,2025-11-20_10h20.29.465,SimonTask,,2025.1.1,60.01219447,p,q,2025-11-20 10h20.37.418496 +0530
circle,right,37,1,9,p,0.5648587,None,,,,,9,1,37,3,40.5222776,,,,,,,,,40.5066227,40.5222776,40.7224277,40.7055797,40.7055797,40.7055797,41.2055246,41.2055246,41.272772,,,,q,0,0,right,left,,,,,,,,p,0.5648587,None,,,,P003,1,21,man,2025-11-20_10h20.29.465,SimonTask,,2025.1.1,60.01219447,p,q,2025-11-20 10h20.37.418496 +0530
square,right,38,2,9,q,0.4861092,None,,,,,9,2,38,1,41.2892447,,,,,,,,,41.2733202,41.2892447,41.4888478,41.4722158,41.4722158,41.4722158,41.9721037,41.9721037,41.9724366,,,,p,0,1,right,right,,,,,,,,q,0.4861092,None,,,,P003,1,21,man,2025-11-20_10h20.29.465,SimonTask,,2025.1.1,60.01219447,p,q,2025-11-20 10h20.37.418496 +0530
circle,left,39,3,9,q,0.4342632,None,,,,,9,3,39,2,41.9890193,,,,,,,,,41.9727464,41.9890193,42.189242,42.1723252,42.1723252,42.1723252,,,42.622573,,,,q,1,1,left,left,,,,,,,,q,0.4342632,None,,,,P003,1,21,man,2025-11-20_10h20.29.465,SimonTask,,2025.1.1,60.01219447,p,q,2025-11-20 10h20.37.418496 +0530
square,right,40,0,10,q,0.58051,None,,,,,10,0,40,1,42.6388602,,,,,,,,,42.622885,42.6388602,42.8388752,42.8222152,42.8222152,42.8222152,43.3221216,43.3221216,43.4059607,,,,p,0,1,right,right,,,,,,,,q,0.58051,None,,,,P003,1,21,man,2025-11-20_10h20.29.465,SimonTask,,2025.1.1,60.01219447,p,q,2025-11-20 10h20.37.418496 +0530
square,left,41,1,10,q,0.4679908,None,,,,,10,1,41,0,43.4222032,,,,,,,,,43.4063167,43.4222032,43.6222388,43.6056819,43.6056819,43.6056819,44.105671,44.105671,44.0897122,,,,p,0,0,left,right,,,,,,,,q,0.4679908,None,,,,P003,1,21,man,2025-11-20_10h20.29.465,SimonTask,,2025.1.1,60.01219447,p,q,2025-11-20 10h20.37.418496 +0530
circle,right,42,2,10,p,0.4389839,None,,,,,10,2,42,3,44.105671,,,,,,,,,44.0902586,44.105671,44.3056976,44.3056976,44.3056976,44.3056976,,,44.7559343,,,,q,0,0,right,left,,,,,,,,p,0.4389839,None,,,,P003,1,21,man,2025-11-20_10h20.29.465,SimonTask,,2025.1.1,60.01219447,p,q,2025-11-20 10h20.37.418496 +0530
circle,left,43,3,10,p,0.450298,None,,,,,10,3,43,2,44.7722162,,,,,,,,,44.7563951,44.7722162,44.9723096,44.9558225,44.9558225,44.9558225,,,45.4228055,,,,q,0,1,left,left,,,,,,,,p,0.450298,None,,,,P003,1,21,man,2025-11-20_10h20.29.465,SimonTask,,2025.1.1,60.01219447,p,q,2025-11-20 10h20.37.418496 +0530
square,left,44,0,11,q,0.4503327,None,,,,,11,0,44,0,45.438897,,,,,,,,,45.4235749,45.438897,45.6390323,45.6222192,45.6222192,45.6222192,,,46.0890513,,,,p,0,0,left,right,,,,,,,,q,0.4503327,None,,,,P003,1,21,man,2025-11-20_10h20.29.465,SimonTask,,2025.1.1,60.01219447,p,q,2025-11-20 10h20.37.418496 +0530
circle,right,45,1,11,p,0.461293,None,,,,,11,1,45,3,46.1054567,,,,,,,,,46.0893327,46.1054567,46.3054962,46.2888347,46.2888347,46.2888347,,,46.7562771,,,,q,0,0,right,left,,,,,,,,p,0.461293,None,,,,P003,1,21,man,2025-11-20_10h20.29.465,SimonTask,,2025.1.1,60.01219447,p,q,2025-11-20 10h20.37.418496 +0530
circle,left,46,2,11,p,0.387067,None,,,,,11,2,46,2,46.7721676,,,,,,,,,46.7566179,46.7721676,46.9718201,46.9718201,46.9718201,46.9718201,,,47.3721679,,,,q,0,1,left,left,,,,,,,,p,0.387067,None,,,,P003,1,21,man,2025-11-20_10h20.29.465,SimonTask,,2025.1.1,60.01219447,p,q,2025-11-20 10h20.37.418496 +0530
square,right,47,3,11,q,0.4228573,None,,,,,11,3,47,1,47.3885339,,,,,,,,,47.3728014,47.3885339,47.5885732,47.5717594,47.5717594,47.5717594,,,48.0056251,,,,p,0,1,right,right,,,,,,,,q,0.4228573,None,,,,P003,1,21,man,2025-11-20_10h20.29.465,SimonTask,,2025.1.1,60.01219447,p,q,2025-11-20 10h20.37.418496 +0530
square,right,48,0,12,q,0.4170858,None,,,,,12,0,48,1,48.0217229,,,,,,,,,48.0062636,48.0217229,48.2217722,48.2053121,48.2053121,48.2053121,,,48.6389851,,,,p,0,1,right,right,,,,,,,,q,0.4170858,None,,,,P003,1,21,man,2025-11-20_10h20.29.465,SimonTask,,2025.1.1,60.01219447,p,q,2025-11-20 10h20.37.418496 +0530
circle,right,49,1,12,p,0.5826494,None,,,,,12,1,49,3,48.6551706,,,,,,,,,48.6395597,48.6551706,48.8551738,48.8385107,48.8385107,48.8385107,49.3385437,49.3385437,49.4220897,,,,q,0,0,right,left,,,,,,,,p,0.5826494,None,,,,P003,1,21,man,2025-11-20_10h20.29.465,SimonTask,,2025.1.1,60.01219447,p,q,2025-11-20 10h20.37.418496 +0530
circle,left,50,2,12,p,0.4253325,None,,,,,12,2,50,2,49.4384925,,,,,,,,,49.4227203,49.4384925,49.6384781,49.6216698,49.6216698,49.6216698,,,50.0557201,,,,q,0,1,left,left,,,,,,,,p,0.4253325,None,,,,P003,1,21,man,2025-11-20_10h20.29.465,SimonTask,,2025.1.1,60.01219447,p,q,2025-11-20 10h20.37.418496 +0530
square,left,51,3,12,q,0.5582722,None,,,,,12,3,51,0,50.0718164,,,,,,,,,50.0564297,50.0718164,50.2720414,50.255269,50.255269,50.255269,50.7552695,50.7552695,50.8226134,,,,p,0,0,left,right,,,,,,,,q,0.5582722,None,,,,P003,1,21,man,2025-11-20_10h20.29.465,SimonTask,,2025.1.1,60.01219447,p,q,2025-11-20 10h20.37.418496 +0530
circle,left,52,0,13,p,0.4609351,None,,,,,13,0,52,2,50.8387832,,,,,,,,,50.8230334,50.8387832,51.0388064,51.022193,51.022193,51.022193,,,51.4889237,,,,q,0,1,left,left,,,,,,,,p,0.4609351,None,,,,P003,1,21,man,2025-11-20_10h20.29.465,SimonTask,,2025.1.1,60.01219447,p,q,2025-11-20 10h20.37.418496 +0530
square,left,53,1,13,q,0.4392246,None,,,,,13,1,53,0,51.5055273,,,,,,,,,51.4892238,51.5055273,51.7053985,51.6886225,51.6886225,51.6886225,,,52.1393063,,,,p,0,0,left,right,,,,,,,,q,0.4392246,None,,,,P003,1,21,man,2025-11-20_10h20.29.465,SimonTask,,2025.1.1,60.01219447,p,q,2025-11-20 10h20.37.418496 +0530
circle,right,54,2,13,p,0.5205407,None,,,,,13,2,54,3,52.1554038,,,,,,,,,52.1396355,52.1554038,52.3551494,52.3385798,52.3385798,52.3385798,52.8385651,52.8385651,52.8722674,,,,q,0,0,right,left,,,,,,,,p,0.5205407,None,,,,P003,1,21,man,2025-11-20_10h20.29.465,SimonTask,,2025.1.1,60.01219447,p,q,2025-11-20 10h20.37.418496 +0530
square,right,55,3,13,p,0.5336985,None,,,,,13,3,55,1,52.8885775,,,,,,,,,52.8727512,52.8885775,53.088535,53.0719775,53.0719775,53.0719775,53.5718877,53.5718877,53.6224431,,,,p,1,1,right,right,,,,,,,,p,0.5336985,None,,,,P003,1,21,man,2025-11-20_10h20.29.465,SimonTask,,2025.1.1,60.01219447,p,q,2025-11-20 10h20.37.418496 +0530
circle,right,56,0,14,p,0.6541585,None,,,,,14,0,56,3,53.6386257,,,,,,,,,53.6227568,53.6386257,53.8388319,53.821807,53.821807,53.821807,54.3218714,54.3218714,54.4887132,,,,q,0,0,right,left,,,,,,,,p,0.6541585,None,,,,P003,1,21,man,2025-11-20_10h20.29.465,SimonTask,,2025.1.1,60.01219447,p,q,2025-11-20 10h20.37.418496 +0530
circle,left,57,1,14,p,0.5142423,None,,,,,14,1,57,2,54.5052677,,,,,,,,,54.4890491,54.5052677,54.7052625,54.6884812,54.6884812,54.6884812,55.1885642,55.1885642,55.205825,,,,q,0,1,left,left,,,,,,,,p,0.5142423,None,,,,P003,1,21,man,2025-11-20_10h20.29.465,SimonTask,,2025.1.1,60.01219447,p,q,2025-11-20 10h20.37.418496 +0530
square,right,58,2,14,q,0.386088,None,,,,,14,2,58,1,55.2217557,,,,,,,,,55.2065805,55.2217557,55.421749,55.4050804,55.4050804,55.4050804,,,55.8058355,,,,p,0,1,right,right,,,,,,,,q,0.386088,None,,,,P003,1,21,man,2025-11-20_10h20.29.465,SimonTask,,2025.1.1,60.01219447,p,q,2025-11-20 10h20.37.418496 +0530
square,left,59,3,14,q,0.4300539,None,,,,,14,3,59,0,55.8219917,,,,,,,,,55.8063572,55.8219917,56.0217783,56.0052369,56.0052369,56.0052369,,,56.4387568,,,,p,0,0,left,right,,,,,,,,q,0.4300539,None,,,,P003,1,21,man,2025-11-20_10h20.29.465,SimonTask,,2025.1.1,60.01219447,p,q,2025-11-20 10h20.37.418496 +0530
square,right,60,0,15,q,0.3702084,None,,,,,15,0,60,1,56.4552623,,,,,,,,,56.4390802,56.4552623,56.6552641,56.6385362,56.6385362,56.6385362,,,57.0225035,,,,p,0,1,right,right,,,,,,,,q,0.3702084,None,,,,P003,1,21,man,2025-11-20_10h20.29.465,SimonTask,,2025.1.1,60.01219447,p,q,2025-11-20 10h20.37.418496 +0530
circle,right,61,1,15,p,0.4015553,None,,,,,15,1,61,3,57.0384757,,,,,,,,,57.0228105,57.0384757,57.2387725,57.2218119,57.2218119,57.2218119,,,57.639674,,,,q,0,0,right,left,,,,,,,,p,0.4015553,None,,,,P003,1,21,man,2025-11-20_10h20.29.465,SimonTask,,2025.1.1,60.01219447,p,q,2025-11-20 10h20.37.418496 +0530
square,left,62,2,15,q,0.5343197,None,,,,,15,2,62,0,57.6552149,,,,,,,,,57.6399635,57.6552149,57.85524,57.85524,57.85524,57.85524,58.3551841,58.3551841,58.4054246,,,,p,0,0,left,right,,,,,,,,q,0.5343197,None,,,,P003,1,21,man,2025-11-20_10h20.29.465,SimonTask,,2025.1.1,60.01219447,p,q,2025-11-20 10h20.37.418496 +0530
circle,left,63,3,15,p,0.4333596,None,,,,,15,3,63,2,58.4217377,,,,,,,,,58.4058422,58.4217377,58.6217248,58.6052417,58.6052417,58.6052417,,,59.0558004,,,,q,0,1,left,left,,,,,,,,p,0.4333596,None,,,,P003,1,21,man,2025-11-20_10h20.29.465,SimonTask,,2025.1.1,60.01219447,p,q,2025-11-20 10h20.37.418496 +0530
square,left,64,0,16,q,0.4974681,None,,,,,16,0,64,0,59.0717636,,,,,,,,,59.0563984,59.0717636,59.2717922,59.255142,59.255142,59.255142,59.7552295,59.7552295,59.7558541,,,,p,0,0,left,right,,,,,,,,q,0.4974681,None,,,,P003,1,21,man,2025-11-20_10h20.29.465,SimonTask,,2025.1.1,60.01219447,p,q,2025-11-20 10h20.37.418496 +0530
circle,right,65,1,16,p,0.3664247,None,,,,,16,1,65,3,59.7718676,,,,,,,,,59.7566034,59.7718676,59.9718409,59.9552848,59.9552848,59.9552848,,,60.33874,,,,q,0,0,right,left,,,,,,,,p,0.3664247,None,,,,P003,1,21,man,2025-11-20_10h20.29.465,SimonTask,,2025.1.1,60.01219447,p,q,2025-11-20 10h20.37.418496 +0530
circle,left,66,2,16,p,0.4172608,None,,,,,16,2,66,2,60.3552378,,,,,,,,,60.339132,60.3552378,60.5551903,60.5384635,60.5384635,60.5384635,,,60.9724502,,,,q,0,1,left,left,,,,,,,,p,0.4172608,None,,,,P003,1,21,man,2025-11-20_10h20.29.465,SimonTask,,2025.1.1,60.01219447,p,q,2025-11-20 10h20.37.418496 +0530
square,right,67,3,16,q,0.4241344,None,,,,,16,3,67,1,60.9885542,,,,,,,,,60.9731839,60.9885542,61.188507,61.1717131,61.1717131,61.1717131,,,61.6056129,,,,p,0,1,right,right,,,,,,,,q,0.4241344,None,,,,P003,1,21,man,2025-11-20_10h20.29.465,SimonTask,,2025.1.1,60.01219447,p,q,2025-11-20 10h20.37.418496 +0530
circle,left,68,0,17,p,0.4005888,None,,,,,17,0,68,2,61.6218168,,,,,,,,,61.6059815,61.6218168,61.8218567,61.8050659,61.8050659,61.8050659,,,62.2221503,,,,q,0,1,left,left,,,,,,,,p,0.4005888,None,,,,P003,1,21,man,2025-11-20_10h20.29.465,SimonTask,,2025.1.1,60.01219447,p,q,2025-11-20 10h20.37.418496 +0530
square,left,69,1,17,p,0.3766497,None,,,,,17,1,69,0,62.2382921,,,,,,,,,62.2227705,62.2382921,62.438323,62.4216738,62.4216738,62.4216738,,,62.8057434,,,,p,1,0,left,right,,,,,,,,p,0.3766497,None,,,,P003,1,21,man,2025-11-20_10h20.29.465,SimonTask,,2025.1.1,60.01219447,p,q,2025-11-20 10h20.37.418496 +0530
square,right,70,2,17,q,0.4308241,None,,,,,17,2,70,1,62.8218685,,,,,,,,,62.8068488,62.8218685,63.0216712,63.0050299,63.0050299,63.0050299,,,63.4387259,,,,p,0,1,right,right,,,,,,,,q,0.4308241,None,,,,P003,1,21,man,2025-11-20_10h20.29.465,SimonTask,,2025.1.1,60.01219447,p,q,2025-11-20 10h20.37.418496 +0530
circle,right,71,3,17,p,0.4534701,None,,,,,17,3,71,3,63.4550085,,,,,,,,,63.4390992,63.4550085,63.6548688,63.6383408,63.6383408,63.6383408,,,64.105672,,,,q,0,0,right,left,,,,,,,,p,0.4534701,None,,,,P003,1,21,man,2025-11-20_10h20.29.465,SimonTask,,2025.1.1,60.01219447,p,q,2025-11-20 10h20.37.418496 +0530
circle,right,72,0,18,q,0.399305,None,,,,,18,0,72,3,64.1214633,,,,,,,,,64.1061765,64.1214633,64.3218736,64.3050131,64.3050131,64.3050131,,,64.7053536,,,,q,1,0,right,left,,,,,,,,q,0.399305,None,,,,P003,1,21,man,2025-11-20_10h20.29.465,SimonTask,,2025.1.1,60.01219447,p,q,2025-11-20 10h20.37.418496 +0530
square,left,73,1,18,q,0.5341022,None,,,,,18,1,73,0,64.7213476,,,,,,,,,64.7057524,64.7213476,64.9218097,64.9050684,64.9050684,64.9050684,65.4049368,65.4049368,65.4556266,,,,p,0,0,left,right,,,,,,,,q,0.5341022,None,,,,P003,1,21,man,2025-11-20_10h20.29.465,SimonTask,,2025.1.1,60.01219447,p,q,2025-11-20 10h20.37.418496 +0530
square,right,74,2,18,p,0.3379897,None,,,,,18,2,74,1,65.4716529,,,,,,,,,65.4563721,65.4716529,65.6716362,65.6550024,65.6550024,65.6550024,,,66.0052084,,,,p,1,1,right,right,,,,,,,,p,0.3379897,None,,,,P003,1,21,man,2025-11-20_10h20.29.465,SimonTask,,2025.1.1,60.01219447,p,q,2025-11-20 10h20.37.418496 +0530
circle,left,75,3,18,p,0.5787025,None,,,,,18,3,75,2,66.0212576,,,,,,,,,66.0057952,66.0212576,66.2212113,66.2046861,66.2046861,66.2046861,66.7046311,66.7046311,66.7884266,,,,q,0,1,left,left,,,,,,,,p,0.5787025,None,,,,P003,1,21,man,2025-11-20_10h20.29.465,SimonTask,,2025.1.1,60.01219447,p,q,2025-11-20 10h20.37.418496 +0530
circle,left,76,0,19,p,0.4129982,None,,,,,19,0,76,2,66.8046733,,,,,,,,,66.7890417,66.8046733,67.0046423,66.9879806,66.9879806,66.9879806,,,67.4051028,,,,q,0,1,left,left,,,,,,,,p,0.4129982,None,,,,P003,1,21,man,2025-11-20_10h20.29.465,SimonTask,,2025.1.1,60.01219447,p,q,2025-11-20 10h20.37.418496 +0530
square,right,77,1,19,q,0.4394491,None,,,,,19,1,77,1,67.4212522,,,,,,,,,67.405732,67.4212522,67.6211869,67.6046549,67.6046549,67.6046549,,,68.0551041,,,,p,0,1,right,right,,,,,,,,q,0.4394491,None,,,,P003,1,21,man,2025-11-20_10h20.29.465,SimonTask,,2025.1.1,60.01219447,p,q,2025-11-20 10h20.37.418496 +0530
square,left,78,2,19,q,0.5381203,None,,,,,19,2,78,0,68.0712273,,,,,,,,,68.055739,68.0712273,68.2711545,68.2546309,68.2546309,68.2546309,68.7546082,68.7546082,68.8050416,,,,p,0,0,left,right,,,,,,,,q,0.5381203,None,,,,P003,1,21,man,2025-11-20_10h20.29.465,SimonTask,,2025.1.1,60.01219447,p,q,2025-11-20 10h20.37.418496 +0530
circle,right,79,3,19,p,0.43797,None,,,,,19,3,79,3,68.8211695,,,,,,,,,68.805636,68.8211695,69.0211577,69.0046229,69.0046229,69.0046229,,,69.4553606,,,,q,0,0,right,left,,,,,,,,p,0.43797,None,,,,P003,1,21,man,2025-11-20_10h20.29.465,SimonTask,,2025.1.1,60.01219447,p,q,2025-11-20 10h20.37.418496 +0530
square,right,80,0,20,q,0.5350866,None,,,,,20,0,80,1,69.4712854,,,,,,,,,69.4559163,69.4712854,69.6714387,69.6546606,69.6546606,69.6546606,70.1547831,70.1547831,70.2052723,,,,p,0,1,right,right,,,,,,,,q,0.5350866,None,,,,P003,1,21,man,2025-11-20_10h20.29.465,SimonTask,,2025.1.1,60.01219447,p,q,2025-11-20 10h20.37.418496 +0530
circle,right,81,1,20,p,0.4934842,None,,,,,20,1,81,3,70.2214654,,,,,,,,,70.2056097,70.2214654,70.4215749,70.4048475,70.4048475,70.4048475,70.904795,70.904795,70.9052224,,,,q,0,0,right,left,,,,,,,,p,0.4934842,None,,,,P003,1,21,man,2025-11-20_10h20.29.465,SimonTask,,2025.1.1,60.01219447,p,q,2025-11-20 10h20.37.418496 +0530
circle,left,82,2,20,p,0.4239529,None,,,,,20,2,82,2,70.9213849,,,,,,,,,70.9055108,70.9213849,71.1215081,71.1048154,71.1048154,71.1048154,,,71.5383653,,,,q,0,1,left,left,,,,,,,,p,0.4239529,None,,,,P003,1,21,man,2025-11-20_10h20.29.465,SimonTask,,2025.1.1,60.01219447,p,q,2025-11-20 10h20.37.418496 +0530
square,left,83,3,20,q,0.4651283,None,,,,,20,3,83,0,71.5546898,,,,,,,,,71.5386929,71.5546898,71.7547676,71.7380464,71.7380464,71.7380464,,,72.2050334,,,,p,0,0,left,right,,,,,,,,q,0.4651283,None,,,,P003,1,21,man,2025-11-20_10h20.29.465,SimonTask,,2025.1.1,60.01219447,p,q,2025-11-20 10h20.37.418496 +0530
circle,right,84,0,21,p,0.4083001,None,,,,,21,0,84,3,72.2214451,,,,,,,,,72.2055288,72.2214451,72.4213537,72.4048083,72.4048083,72.4048083,,,72.8216775,,,,q,0,0,right,left,,,,,,,,p,0.4083001,None,,,,P003,1,21,man,2025-11-20_10h20.29.465,SimonTask,,2025.1.1,60.01219447,p,q,2025-11-20 10h20.37.418496 +0530
circle,left,85,1,21,p,0.4084247,None,,,,,21,1,85,2,72.8382129,,,,,,,,,72.8222554,72.8382129,73.0380273,73.0215004,73.0215004,73.0215004,,,73.438132,,,,q,0,1,left,left,,,,,,,,p,0.4084247,None,,,,P003,1,21,man,2025-11-20_10h20.29.465,SimonTask,,2025.1.1,60.01219447,p,q,2025-11-20 10h20.37.418496 +0530
square,left,86,2,21,q,0.4411115,None,,,,,21,2,86,0,73.4545924,,,,,,,,,73.4384237,73.4545924,73.6548216,73.6380166,73.6380166,73.6380166,,,74.0884542,,,,p,0,0,left,right,,,,,,,,q,0.4411115,None,,,,P003,1,21,man,2025-11-20_10h20.29.465,SimonTask,,2025.1.1,60.01219447,p,q,2025-11-20 10h20.37.418496 +0530
square,right,87,3,21,q,0.4945331,None,,,,,21,3,87,1,74.1048279,,,,,,,,,74.0890873,74.1048279,74.3046826,74.2882107,74.2882107,74.2882107,74.7877758,74.7877758,74.7880642,,,,p,0,1,right,right,,,,,,,,q,0.4945331,None,,,,P003,1,21,man,2025-11-20_10h20.29.465,SimonTask,,2025.1.1,60.01219447,p,q,2025-11-20 10h20.37.418496 +0530
circle,left,88,0,22,q,0.3984826,None,,,,,22,0,88,2,74.8045851,,,,,,,,,74.7883994,74.8045851,75.004586,74.9880248,74.9880248,74.9880248,,,75.3885398,,,,q,1,1,left,left,,,,,,,,q,0.3984826,None,,,,P003,1,21,man,2025-11-20_10h20.29.465,SimonTask,,2025.1.1,60.01219447,p,q,2025-11-20 10h20.37.418496 +0530
square,right,89,1,22,q,0.6472989,None,,,,,22,1,89,1,75.4047529,,,,,,,,,75.3891799,75.4047529,75.6046154,75.5881513,75.5881513,75.5881513,76.088012,76.088012,76.2385106,,,,p,0,1,right,right,,,,,,,,q,0.6472989,None,,,,P003,1,21,man,2025-11-20_10h20.29.465,SimonTask,,2025.1.1,60.01219447,p,q,2025-11-20 10h20.37.418496 +0530
square,left,90,2,22,q,0.4908703,None,,,,,22,2,90,0,76.2548998,,,,,,,,,76.2389095,76.2548998,76.454753,76.4380067,76.4380067,76.4380067,76.9378477,76.9378477,76.9384121,,,,p,0,0,left,right,,,,,,,,q,0.4908703,None,,,,P003,1,21,man,2025-11-20_10h20.29.465,SimonTask,,2025.1.1,60.01219447,p,q,2025-11-20 10h20.37.418496 +0530
circle,right,91,3,22,p,0.4270404,None,,,,,22,3,91,3,76.9546116,,,,,,,,,76.9389039,76.9546116,77.1546407,77.1379954,77.1379954,77.1379954,,,77.5719181,,,,q,0,0,right,left,,,,,,,,p,0.4270404,None,,,,P003,1,21,man,2025-11-20_10h20.29.465,SimonTask,,2025.1.1,60.01219447,p,q,2025-11-20 10h20.37.418496 +0530
square,right,92,0,23,q,0.4477306,None,,,,,23,0,92,1,77.58802,,,,,,,,,77.5724195,77.58802,77.7880014,77.7712731,77.7712731,77.7712731,,,78.221485,,,,p,0,1,right,right,,,,,,,,q,0.4477306,None,,,,P003,1,21,man,2025-11-20_10h20.29.465,SimonTask,,2025.1.1,60.01219447,p,q,2025-11-20 10h20.37.418496 +0530
circle,right,93,1,23,p,0.4583081,None,,,,,23,1,93,3,78.2380532,,,,,,,,,78.2217955,78.2380532,78.4379436,78.4213797,78.4213797,78.4213797,,,78.8882865,,,,q,0,0,right,left,,,,,,,,p,0.4583081,None,,,,P003,1,21,man,2025-11-20_10h20.29.465,SimonTask,,2025.1.1,60.01219447,p,q,2025-11-20 10h20.37.418496 +0530
circle,left,94,2,23,p,0.4186927,None,,,,,23,2,94,2,78.9047166,,,,,,,,,78.8885812,78.9047166,79.1046039,79.0881434,79.0881434,79.0881434,,,79.5215041,,,,q,0,1,left,left,,,,,,,,p,0.4186927,None,,,,P003,1,21,man,2025-11-20_10h20.29.465,SimonTask,,2025.1.1,60.01219447,p,q,2025-11-20 10h20.37.418496 +0530
square,left,95,3,23,q,0.4219721,None,,,,,23,3,95,0,79.53782,,,,,,,,,79.5220071,79.53782,79.7380571,79.7213046,79.7213046,79.7213046,,,80.1549898,,,,p,0,0,left,right,,,,,,,,q,0.4219721,None,,,,P003,1,21,man,2025-11-20_10h20.29.465,SimonTask,,2025.1.1,60.01219447,p,q,2025-11-20 10h20.37.418496 +0530
square,right,96,0,24,q,0.454824,None,,,,,24,0,96,1,80.1711153,,,,,,,,,80.1553037,80.1711153,80.3713343,80.3544373,80.3544373,80.3544373,,,80.8216701,,,,p,0,1,right,right,,,,,,,,q,0.454824,None,,,,P003,1,21,man,2025-11-20_10h20.29.465,SimonTask,,2025.1.1,60.01219447,p,q,2025-11-20 10h20.37.418496 +0530
circle,left,97,1,24,p,0.4537655,None,,,,,24,1,97,2,80.8380262,,,,,,,,,80.8220334,80.8380262,81.0379134,81.0213285,81.0213285,81.0213285,,,81.4883723,,,,q,0,1,left,left,,,,,,,,p,0.4537655,None,,,,P003,1,21,man,2025-11-20_10h20.29.465,SimonTask,,2025.1.1,60.01219447,p,q,2025-11-20 10h20.37.418496 +0530
square,left,98,2,24,q,0.4763865,None,,,,,24,2,98,0,81.5045913,,,,,,,,,81.4886711,81.5045913,81.7045905,81.6877984,81.6877984,81.6877984,82.1879115,82.1879115,82.171852,,,,p,0,0,left,right,,,,,,,,q,0.4763865,None,,,,P003,1,21,man,2025-11-20_10h20.29.465,SimonTask,,2025.1.1,60.01219447,p,q,2025-11-20 10h20.37.418496 +0530
circle,right,99,3,24,p,0.4813887,None,,,,,24,3,99,3,82.1879115,,,,,,,,,82.1725293,82.1879115,82.3879905,82.3710461,82.3710461,82.3710461,82.8711594,82.8711594,82.8553336,,,,q,0,0,right,left,,,,,,,,p,0.4813887,None,,,,P003,1,21,man,2025-11-20_10h20.29.465,SimonTask,,2025.1.1,60.01219447,p,q,2025-11-20 10h20.37.418496 +0530
,,,,,,,,,,,,,,,,,,,,,,,,,,,,,,,,,,,,,,,,,,,,,,,,,,,,82.8555062,82.8711594,82.8711594,,,,,,,,,,,,
