thisN,thisTrialN,thisRepN,tilt,key_resp.keys,key_resp.corr,key_resp.rt,key_resp.duration,trials.thisRepN,trials.thisTrialN,trials.thisN,trials.thisIndex,thisRow.t,notes,Welcome.started,key_resp_2.started,text.started,text.stopped,Welcome.stopped,key_resp_2.keys,key_resp_2.rt,key_resp_2.duration,trial.started,Fixation.started,Fixation.stopped,key_resp.started,trial.stopped,trials.tilt,trials.key_resp.keys,trials.key_resp.corr,trials.key_resp.rt,trials.key_resp.duration,Thank_You.started,key_resp_3.started,text_2.started,text_2.stopped,Thank_You.stopped,key_resp_3.keys,key_resp_3.rt,key_resp_3.duration,participant,session,date,expName,expVersion,psychopyVersion,frameRate,expStart
,,,,,,,,,,,,,,0.0015337,0.0048736,0.0048736,1.014102,2.0378819,space,2.0204718,None,,,,,,,,,,,,,,,,,,,P0001,1,2025-09-10_16h11.28.409,SignalDetection_Experiment,,2025.1.1,59.65928582,2025-09-10 16h11.35.309044 +0530
0,0,0,3,down,1,0.894271,None,0,0,0,0,2.0472132,,,,,,,,,,2.0390368,2.0472132,3.0469465,3.0469465,3.9479857,3,down,1,0.894271,None,,,,,,,,,P0001,1,2025-09-10_16h11.28.409,SignalDetection_Experiment,,2025.1.1,59.65928582,2025-09-10 16h11.35.309044 +0530
1,0,1,0,up,1,0.3903038,None,1,0,1,0,3.9641843,,,,,,,,,,3.9484294,3.9641843,4.964165,4.9475358,5.3479694,0,up,1,0.3903038,None,,,,,,,,,P0001,1,2025-09-10_16h11.28.409,SignalDetection_Experiment,,2025.1.1,59.65928582,2025-09-10 16h11.35.309044 +0530
2,0,2,-3,down,1,0.6597737,None,2,0,2,0,5.3640332,,,,,,,,,,5.3484353,5.3640332,6.3640305,6.3471408,7.0148581,-3,down,1,0.6597737,None,,,,,,,,,P0001,1,2025-09-10_16h11.28.409,SignalDetection_Experiment,,2025.1.1,59.65928582,2025-09-10 16h11.35.309044 +0530
3,0,3,0,up,1,0.3854695,None,3,0,3,0,7.0307758,,,,,,,,,,7.0152914,7.0307758,8.0307513,8.014027,8.4147436,0,up,1,0.3854695,None,,,,,,,,,P0001,1,2025-09-10_16h11.28.409,SignalDetection_Experiment,,2025.1.1,59.65928582,2025-09-10 16h11.35.309044 +0530
4,0,4,2,up,0,0.3852848,None,4,0,4,0,8.4306264,,,,,,,,,,8.4152032,8.4306264,9.4306148,9.4140936,9.8145199,2,up,0,0.3852848,None,,,,,,,,,P0001,1,2025-09-10_16h11.28.409,SignalDetection_Experiment,,2025.1.1,59.65928582,2025-09-10 16h11.35.309044 +0530
5,0,5,0,up,1,0.7299709,None,5,0,5,0,9.8305221,,,,,,,,,,9.8149137,9.8305221,10.8306069,10.8138278,11.5477596,0,up,1,0.7299709,None,,,,,,,,,P0001,1,2025-09-10_16h11.28.409,SignalDetection_Experiment,,2025.1.1,59.65928582,2025-09-10 16h11.35.309044 +0530
6,0,6,0,up,1,0.5520831,None,6,0,6,0,11.5638829,,,,,,,,,,11.5481861,11.5638829,12.5638688,12.5471179,13.113649,0,up,1,0.5520831,None,,,,,,,,,P0001,1,2025-09-10_16h11.28.409,SignalDetection_Experiment,,2025.1.1,59.65928582,2025-09-10 16h11.35.309044 +0530
7,0,7,-2,down,1,0.5631649,None,7,0,7,0,13.1298891,,,,,,,,,,13.1138646,13.1298891,14.1302504,14.1137249,14.6809098,-2,down,1,0.5631649,None,,,,,,,,,P0001,1,2025-09-10_16h11.28.409,SignalDetection_Experiment,,2025.1.1,59.65928582,2025-09-10 16h11.35.309044 +0530
8,0,8,0,down,0,0.4595579,None,8,0,8,0,14.6972327,,,,,,,,,,14.6813322,14.6972327,15.6968624,15.6803754,16.1472243,0,down,0,0.4595579,None,,,,,,,,,P0001,1,2025-09-10_16h11.28.409,SignalDetection_Experiment,,2025.1.1,59.65928582,2025-09-10 16h11.35.309044 +0530
9,0,9,-3,down,1,0.561318,None,9,0,9,0,16.1634344,,,,,,,,,,16.1474025,16.1634344,17.1635866,17.14685,17.7142863,-3,down,1,0.561318,None,,,,,,,,,P0001,1,2025-09-10_16h11.28.409,SignalDetection_Experiment,,2025.1.1,59.65928582,2025-09-10 16h11.35.309044 +0530
10,0,10,0,up,1,0.5505135,None,10,0,10,0,17.730027,,,,,,,,,,17.7147175,17.730027,18.7304834,18.713851,19.2808603,0,up,1,0.5505135,None,,,,,,,,,P0001,1,2025-09-10_16h11.28.409,SignalDetection_Experiment,,2025.1.1,59.65928582,2025-09-10 16h11.35.309044 +0530
11,0,11,-3,down,1,0.4508857,None,11,0,11,0,19.2969816,,,,,,,,,,19.2813121,19.2969816,20.2966685,20.2800458,20.7475164,-3,down,1,0.4508857,None,,,,,,,,,P0001,1,2025-09-10_16h11.28.409,SignalDetection_Experiment,,2025.1.1,59.65928582,2025-09-10 16h11.35.309044 +0530
12,0,12,-2,down,1,0.5169563,None,12,0,12,0,20.7636029,,,,,,,,,,20.7479448,20.7636029,21.763718,21.7470017,22.2808368,-2,down,1,0.5169563,None,,,,,,,,,P0001,1,2025-09-10_16h11.28.409,SignalDetection_Experiment,,2025.1.1,59.65928582,2025-09-10 16h11.35.309044 +0530
13,0,13,-5,up,0,0.4739251,None,13,0,13,0,22.2967648,,,,,,,,,,22.2812282,22.2967648,23.2967919,23.2967919,23.7807899,-5,up,0,0.4739251,None,,,,,,,,,P0001,1,2025-09-10_16h11.28.409,SignalDetection_Experiment,,2025.1.1,59.65928582,2025-09-10 16h11.35.309044 +0530
14,0,14,-5,down,1,0.4757329,None,14,0,14,0,23.797032,,,,,,,,,,23.7812552,23.797032,24.7970276,24.780148,25.2641847,-5,down,1,0.4757329,None,,,,,,,,,P0001,1,2025-09-10_16h11.28.409,SignalDetection_Experiment,,2025.1.1,59.65928582,2025-09-10 16h11.35.309044 +0530
15,0,15,2,up,0,0.470897,None,15,0,15,0,25.2801224,,,,,,,,,,25.2645719,25.2801224,26.2799763,26.2635109,26.7472422,2,up,0,0.470897,None,,,,,,,,,P0001,1,2025-09-10_16h11.28.409,SignalDetection_Experiment,,2025.1.1,59.65928582,2025-09-10 16h11.35.309044 +0530
16,0,16,3,down,1,0.5346998,None,16,0,16,0,26.7636419,,,,,,,,,,26.7476814,26.7636419,27.7635823,27.7466774,28.2972882,3,down,1,0.5346998,None,,,,,,,,,P0001,1,2025-09-10_16h11.28.409,SignalDetection_Experiment,,2025.1.1,59.65928582,2025-09-10 16h11.35.309044 +0530
17,0,17,-4,down,1,0.6071551,None,17,0,17,0,28.3134343,,,,,,,,,,28.297735,28.3134343,29.3135072,29.2968549,29.9138555,-4,down,1,0.6071551,None,,,,,,,,,P0001,1,2025-09-10_16h11.28.409,SignalDetection_Experiment,,2025.1.1,59.65928582,2025-09-10 16h11.35.309044 +0530
18,0,18,0,up,1,0.64299,None,18,0,18,0,29.9299696,,,,,,,,,,29.9142811,29.9299696,30.9299976,30.9135352,31.5640534,0,up,1,0.64299,None,,,,,,,,,P0001,1,2025-09-10_16h11.28.409,SignalDetection_Experiment,,2025.1.1,59.65928582,2025-09-10 16h11.35.309044 +0530
19,0,19,-2,down,1,0.4561653,None,19,0,19,0,31.5799344,,,,,,,,,,31.5645226,31.5799344,32.5802074,32.5635054,33.0304331,-2,down,1,0.4561653,None,,,,,,,,,P0001,1,2025-09-10_16h11.28.409,SignalDetection_Experiment,,2025.1.1,59.65928582,2025-09-10 16h11.35.309044 +0530
20,0,20,1,down,1,0.4944538,None,20,0,20,0,33.0467367,,,,,,,,,,33.0309303,33.0467367,34.0464349,34.029986,34.5304255,1,down,1,0.4944538,None,,,,,,,,,P0001,1,2025-09-10_16h11.28.409,SignalDetection_Experiment,,2025.1.1,59.65928582,2025-09-10 16h11.35.309044 +0530
21,0,21,-4,down,1,0.4828637,None,21,0,21,0,34.5465776,,,,,,,,,,34.5309674,34.5465776,35.5466692,35.5298032,36.0135666,-4,down,1,0.4828637,None,,,,,,,,,P0001,1,2025-09-10_16h11.28.409,SignalDetection_Experiment,,2025.1.1,59.65928582,2025-09-10 16h11.35.309044 +0530
22,0,22,0,up,1,0.5111345,None,22,0,22,0,36.02978,,,,,,,,,,36.0139859,36.02978,37.0298498,37.0131936,37.5305275,0,up,1,0.5111345,None,,,,,,,,,P0001,1,2025-09-10_16h11.28.409,SignalDetection_Experiment,,2025.1.1,59.65928582,2025-09-10 16h11.35.309044 +0530
23,0,23,0,up,1,0.6459517,None,23,0,23,0,37.5466526,,,,,,,,,,37.5309484,37.5466526,38.5464281,38.5300016,39.1798034,0,up,1,0.6459517,None,,,,,,,,,P0001,1,2025-09-10_16h11.28.409,SignalDetection_Experiment,,2025.1.1,59.65928582,2025-09-10 16h11.35.309044 +0530
24,0,24,2,down,1,0.8763962,None,24,0,24,0,39.1963073,,,,,,,,,,39.1799837,39.1963073,40.196247,40.1795218,41.063621,2,down,1,0.8763962,None,,,,,,,,,P0001,1,2025-09-10_16h11.28.409,SignalDetection_Experiment,,2025.1.1,59.65928582,2025-09-10 16h11.35.309044 +0530
25,0,25,-3,down,1,0.5313813,None,25,0,25,0,41.0796443,,,,,,,,,,41.0640885,41.0796443,42.0796821,42.0632658,42.5967947,-3,down,1,0.5313813,None,,,,,,,,,P0001,1,2025-09-10_16h11.28.409,SignalDetection_Experiment,,2025.1.1,59.65928582,2025-09-10 16h11.35.309044 +0530
26,0,26,0,up,1,0.4441669,None,26,0,26,0,42.6130331,,,,,,,,,,42.5970947,42.6130331,43.6129697,43.5964791,44.0464709,0,up,1,0.4441669,None,,,,,,,,,P0001,1,2025-09-10_16h11.28.409,SignalDetection_Experiment,,2025.1.1,59.65928582,2025-09-10 16h11.35.309044 +0530
27,0,27,1,down,1,0.7205161,None,27,0,27,0,44.0630672,,,,,,,,,,44.0467541,44.0630672,45.0628073,45.0462167,45.7803365,1,down,1,0.7205161,None,,,,,,,,,P0001,1,2025-09-10_16h11.28.409,SignalDetection_Experiment,,2025.1.1,59.65928582,2025-09-10 16h11.35.309044 +0530
28,0,28,0,up,1,0.3264597,None,28,0,28,0,45.7964316,,,,,,,,,,45.7807548,45.7964316,46.7963467,46.7795833,47.1134814,0,up,1,0.3264597,None,,,,,,,,,P0001,1,2025-09-10_16h11.28.409,SignalDetection_Experiment,,2025.1.1,59.65928582,2025-09-10 16h11.35.309044 +0530
29,0,29,0,up,1,0.635444,None,29,0,29,0,47.1293141,,,,,,,,,,47.1139248,47.1293141,48.1291328,48.1127629,48.7635719,0,up,1,0.635444,None,,,,,,,,,P0001,1,2025-09-10_16h11.28.409,SignalDetection_Experiment,,2025.1.1,59.65928582,2025-09-10 16h11.35.309044 +0530
30,0,30,3,down,1,0.5474877,None,30,0,30,0,48.7794712,,,,,,,,,,48.7640418,48.7794712,49.7792876,49.7630279,50.3133287,3,down,1,0.5474877,None,,,,,,,,,P0001,1,2025-09-10_16h11.28.409,SignalDetection_Experiment,,2025.1.1,59.65928582,2025-09-10 16h11.35.309044 +0530
31,0,31,2,down,1,0.5106721,None,31,0,31,0,50.329468,,,,,,,,,,50.3137247,50.329468,51.3290829,51.3127128,51.8298523,2,down,1,0.5106721,None,,,,,,,,,P0001,1,2025-09-10_16h11.28.409,SignalDetection_Experiment,,2025.1.1,59.65928582,2025-09-10 16h11.35.309044 +0530
32,0,32,-2,up,0,0.5510818,None,32,0,32,0,51.8461686,,,,,,,,,,51.8302832,51.8461686,52.8460964,52.8294079,53.3967647,-2,up,0,0.5510818,None,,,,,,,,,P0001,1,2025-09-10_16h11.28.409,SignalDetection_Experiment,,2025.1.1,59.65928582,2025-09-10 16h11.35.309044 +0530
33,0,33,0,up,1,0.5521988,None,33,0,33,0,53.4126427,,,,,,,,,,53.3971849,53.4126427,54.4126795,54.3960207,54.9625792,0,up,1,0.5521988,None,,,,,,,,,P0001,1,2025-09-10_16h11.28.409,SignalDetection_Experiment,,2025.1.1,59.65928582,2025-09-10 16h11.35.309044 +0530
34,0,34,0,up,1,0.5359755,None,34,0,34,0,54.9788903,,,,,,,,,,54.9627532,54.9788903,55.9794384,55.9627681,56.5132904,0,up,1,0.5359755,None,,,,,,,,,P0001,1,2025-09-10_16h11.28.409,SignalDetection_Experiment,,2025.1.1,59.65928582,2025-09-10 16h11.35.309044 +0530
35,0,35,0,up,1,0.4659212,None,35,0,35,0,56.5292492,,,,,,,,,,56.5137086,56.5292492,57.5292054,57.5127726,57.979797,0,up,1,0.4659212,None,,,,,,,,,P0001,1,2025-09-10_16h11.28.409,SignalDetection_Experiment,,2025.1.1,59.65928582,2025-09-10 16h11.35.309044 +0530
36,0,36,4,down,1,0.4432982,None,36,0,36,0,57.9960448,,,,,,,,,,57.9804855,57.9960448,58.9960232,58.9794095,59.4296504,4,down,1,0.4432982,None,,,,,,,,,P0001,1,2025-09-10_16h11.28.409,SignalDetection_Experiment,,2025.1.1,59.65928582,2025-09-10 16h11.35.309044 +0530
37,0,37,0,down,0,0.5236305,None,37,0,37,0,59.4459508,,,,,,,,,,59.4301444,59.4459508,60.4458162,60.4291611,60.9629164,0,down,0,0.5236305,None,,,,,,,,,P0001,1,2025-09-10_16h11.28.409,SignalDetection_Experiment,,2025.1.1,59.65928582,2025-09-10 16h11.35.309044 +0530
38,0,38,0,up,1,0.5181368,None,38,0,38,0,60.9792472,,,,,,,,,,60.9633465,60.9792472,61.9790798,61.962584,62.4963875,0,up,1,0.5181368,None,,,,,,,,,P0001,1,2025-09-10_16h11.28.409,SignalDetection_Experiment,,2025.1.1,59.65928582,2025-09-10 16h11.35.309044 +0530
39,0,39,0,up,1,0.6231972,None,39,0,39,0,62.5126137,,,,,,,,,,62.4968082,62.5126137,63.5124781,63.4959988,64.1294613,0,up,1,0.6231972,None,,,,,,,,,P0001,1,2025-09-10_16h11.28.409,SignalDetection_Experiment,,2025.1.1,59.65928582,2025-09-10 16h11.35.309044 +0530
40,0,40,0,up,1,0.6670838,None,40,0,40,0,64.1455424,,,,,,,,,,64.1299877,64.1455424,65.145626,65.1290529,65.8130042,0,up,1,0.6670838,None,,,,,,,,,P0001,1,2025-09-10_16h11.28.409,SignalDetection_Experiment,,2025.1.1,59.65928582,2025-09-10 16h11.35.309044 +0530
41,0,41,-5,down,1,0.4292059,None,41,0,41,0,65.8290084,,,,,,,,,,65.8133751,65.8290084,66.8291074,66.812432,67.2454284,-5,down,1,0.4292059,None,,,,,,,,,P0001,1,2025-09-10_16h11.28.409,SignalDetection_Experiment,,2025.1.1,59.65928582,2025-09-10 16h11.35.309044 +0530
42,0,42,0,up,1,0.4435048,None,42,0,42,0,67.2621047,,,,,,,,,,67.2456087,67.2621047,68.2619697,68.2453343,68.6961957,0,up,1,0.4435048,None,,,,,,,,,P0001,1,2025-09-10_16h11.28.409,SignalDetection_Experiment,,2025.1.1,59.65928582,2025-09-10 16h11.35.309044 +0530
43,0,43,-2,down,1,0.6150113,None,43,0,43,0,68.7122251,,,,,,,,,,68.6966782,68.7122251,69.7122815,69.6956134,70.3126922,-2,down,1,0.6150113,None,,,,,,,,,P0001,1,2025-09-10_16h11.28.409,SignalDetection_Experiment,,2025.1.1,59.65928582,2025-09-10 16h11.35.309044 +0530
44,0,44,2,down,1,0.7703514,None,44,0,44,0,70.3288503,,,,,,,,,,70.3131543,70.3288503,71.3286201,71.3120772,72.0960129,2,down,1,0.7703514,None,,,,,,,,,P0001,1,2025-09-10_16h11.28.409,SignalDetection_Experiment,,2025.1.1,59.65928582,2025-09-10 16h11.35.309044 +0530
45,0,45,2,up,0,0.5140389,None,45,0,45,0,72.1120398,,,,,,,,,,72.0964413,72.1120398,73.1119755,73.1119755,73.6292778,2,up,0,0.5140389,None,,,,,,,,,P0001,1,2025-09-10_16h11.28.409,SignalDetection_Experiment,,2025.1.1,59.65928582,2025-09-10 16h11.35.309044 +0530
46,0,46,0,down,0,0.6956239,None,46,0,46,0,73.6455875,,,,,,,,,,73.6297738,73.6455875,74.6455721,74.6287325,75.3291928,0,down,0,0.6956239,None,,,,,,,,,P0001,1,2025-09-10_16h11.28.409,SignalDetection_Experiment,,2025.1.1,59.65928582,2025-09-10 16h11.35.309044 +0530
47,0,47,2,down,1,0.56979,None,47,0,47,0,75.3455095,,,,,,,,,,75.3296587,75.3455095,76.3453521,76.3288244,76.9126948,2,down,1,0.56979,None,,,,,,,,,P0001,1,2025-09-10_16h11.28.409,SignalDetection_Experiment,,2025.1.1,59.65928582,2025-09-10 16h11.35.309044 +0530
48,0,48,2,down,1,0.4763574,None,48,0,48,0,76.9288377,,,,,,,,,,76.9131724,76.9288377,77.9286874,77.9120065,78.3963781,2,down,1,0.4763574,None,,,,,,,,,P0001,1,2025-09-10_16h11.28.409,SignalDetection_Experiment,,2025.1.1,59.65928582,2025-09-10 16h11.35.309044 +0530
49,0,49,0,down,0,0.9508595,None,49,0,49,0,78.4121135,,,,,,,,,,78.396798,78.4121135,79.4121763,79.3953917,80.3625307,0,down,0,0.9508595,None,,,,,,,,,P0001,1,2025-09-10_16h11.28.409,SignalDetection_Experiment,,2025.1.1,59.65928582,2025-09-10 16h11.35.309044 +0530
50,0,50,2,down,1,0.4686582,None,50,0,50,0,80.3787308,,,,,,,,,,80.3630453,80.3787308,81.3785307,81.3620603,81.845895,2,down,1,0.4686582,None,,,,,,,,,P0001,1,2025-09-10_16h11.28.409,SignalDetection_Experiment,,2025.1.1,59.65928582,2025-09-10 16h11.35.309044 +0530
51,0,51,0,down,0,0.4459197,None,51,0,51,0,81.8620034,,,,,,,,,,81.8462971,81.8620034,82.861894,82.8455936,83.2956771,0,down,0,0.4459197,None,,,,,,,,,P0001,1,2025-09-10_16h11.28.409,SignalDetection_Experiment,,2025.1.1,59.65928582,2025-09-10 16h11.35.309044 +0530
52,0,52,-3,down,1,0.4958812,None,52,0,52,0,83.3120323,,,,,,,,,,83.2960625,83.3120323,84.3119828,84.2954121,84.7957013,-3,down,1,0.4958812,None,,,,,,,,,P0001,1,2025-09-10_16h11.28.409,SignalDetection_Experiment,,2025.1.1,59.65928582,2025-09-10 16h11.35.309044 +0530
53,0,53,4,down,1,0.4601191,None,53,0,53,0,84.812047,,,,,,,,,,84.7961802,84.812047,85.811853,85.7952108,86.2624711,4,down,1,0.4601191,None,,,,,,,,,P0001,1,2025-09-10_16h11.28.409,SignalDetection_Experiment,,2025.1.1,59.65928582,2025-09-10 16h11.35.309044 +0530
54,0,54,-3,down,1,0.4355373,None,54,0,54,0,86.2783118,,,,,,,,,,86.2626562,86.2783118,87.2784907,87.2784907,87.7290271,-3,down,1,0.4355373,None,,,,,,,,,P0001,1,2025-09-10_16h11.28.409,SignalDetection_Experiment,,2025.1.1,59.65928582,2025-09-10 16h11.35.309044 +0530
55,0,55,-3,down,1,0.8022571,None,55,0,55,0,87.7452729,,,,,,,,,,87.7295652,87.7452729,88.745,88.7281677,89.5456701,-3,down,1,0.8022571,None,,,,,,,,,P0001,1,2025-09-10_16h11.28.409,SignalDetection_Experiment,,2025.1.1,59.65928582,2025-09-10 16h11.35.309044 +0530
56,0,56,2,down,1,0.4572919,None,56,0,56,0,89.56186,,,,,,,,,,89.5461122,89.56186,90.5617711,90.5451493,91.0121748,2,down,1,0.4572919,None,,,,,,,,,P0001,1,2025-09-10_16h11.28.409,SignalDetection_Experiment,,2025.1.1,59.65928582,2025-09-10 16h11.35.309044 +0530
57,0,57,0,up,1,0.4703092,None,57,0,57,0,91.0285096,,,,,,,,,,91.0126467,91.0285096,92.0281088,92.0118362,92.4954449,0,up,1,0.4703092,None,,,,,,,,,P0001,1,2025-09-10_16h11.28.409,SignalDetection_Experiment,,2025.1.1,59.65928582,2025-09-10 16h11.35.309044 +0530
58,0,58,-5,down,1,0.5561722,None,58,0,58,0,92.5118294,,,,,,,,,,92.495908,92.5118294,93.5115391,93.4951251,94.0621547,-5,down,1,0.5561722,None,,,,,,,,,P0001,1,2025-09-10_16h11.28.409,SignalDetection_Experiment,,2025.1.1,59.65928582,2025-09-10 16h11.35.309044 +0530
59,0,59,3,down,1,0.5047616,None,59,0,59,0,94.0783396,,,,,,,,,,94.062597,94.0783396,95.0783964,95.0617908,95.5788392,3,down,1,0.5047616,None,,,,,,,,,P0001,1,2025-09-10_16h11.28.409,SignalDetection_Experiment,,2025.1.1,59.65928582,2025-09-10 16h11.35.309044 +0530
60,0,60,0,up,1,0.5966445,None,60,0,60,0,95.5950849,,,,,,,,,,95.5792809,95.5950849,96.5951061,96.5783896,97.1782192,0,up,1,0.5966445,None,,,,,,,,,P0001,1,2025-09-10_16h11.28.409,SignalDetection_Experiment,,2025.1.1,59.65928582,2025-09-10 16h11.35.309044 +0530
61,0,61,4,down,1,0.5329331,None,61,0,61,0,97.194594,,,,,,,,,,97.1786003,97.194594,98.1945301,98.1778173,98.7119019,4,down,1,0.5329331,None,,,,,,,,,P0001,1,2025-09-10_16h11.28.409,SignalDetection_Experiment,,2025.1.1,59.65928582,2025-09-10 16h11.35.309044 +0530
62,0,62,0,up,1,0.7249206,None,62,0,62,0,98.728236,,,,,,,,,,98.7123271,98.728236,99.7280058,99.7115359,100.4455163,0,up,1,0.7249206,None,,,,,,,,,P0001,1,2025-09-10_16h11.28.409,SignalDetection_Experiment,,2025.1.1,59.65928582,2025-09-10 16h11.35.309044 +0530
63,0,63,1,down,1,1.025792,None,63,0,63,0,100.4614212,,,,,,,,,,100.4459744,100.4614212,101.4615495,101.4615495,102.4952314,1,down,1,1.025792,None,,,,,,,,,P0001,1,2025-09-10_16h11.28.409,SignalDetection_Experiment,,2025.1.1,59.65928582,2025-09-10 16h11.35.309044 +0530
64,0,64,2,up,0,0.7608436,None,64,0,64,0,102.511426,,,,,,,,,,102.4957242,102.511426,103.5114362,103.4947001,104.2613199,2,up,0,0.7608436,None,,,,,,,,,P0001,1,2025-09-10_16h11.28.409,SignalDetection_Experiment,,2025.1.1,59.65928582,2025-09-10 16h11.35.309044 +0530
65,0,65,0,up,1,0.5518119,None,65,0,65,0,104.2778577,,,,,,,,,,104.2614751,104.2778577,105.2779313,105.2612382,105.8285673,0,up,1,0.5518119,None,,,,,,,,,P0001,1,2025-09-10_16h11.28.409,SignalDetection_Experiment,,2025.1.1,59.65928582,2025-09-10 16h11.35.309044 +0530
66,0,66,-2,down,1,0.4515094,None,66,0,66,0,105.8448054,,,,,,,,,,105.8290254,105.8448054,106.8445485,106.8280696,107.2950659,-2,down,1,0.4515094,None,,,,,,,,,P0001,1,2025-09-10_16h11.28.409,SignalDetection_Experiment,,2025.1.1,59.65928582,2025-09-10 16h11.35.309044 +0530
67,0,67,2,down,1,0.5894821,None,67,0,67,0,107.3113715,,,,,,,,,,107.2955281,107.3113715,108.3113706,108.2946554,108.895109,2,down,1,0.5894821,None,,,,,,,,,P0001,1,2025-09-10_16h11.28.409,SignalDetection_Experiment,,2025.1.1,59.65928582,2025-09-10 16h11.35.309044 +0530
68,0,68,0,up,1,0.5158676,None,68,0,68,0,108.9111574,,,,,,,,,,108.895527,108.9111574,109.9113385,109.8945519,110.4115277,0,up,1,0.5158676,None,,,,,,,,,P0001,1,2025-09-10_16h11.28.409,SignalDetection_Experiment,,2025.1.1,59.65928582,2025-09-10 16h11.35.309044 +0530
69,0,69,3,up,0,0.835456,None,69,0,69,0,110.4277316,,,,,,,,,,110.4119547,110.4277316,111.4279206,111.4113152,112.2616747,3,up,0,0.835456,None,,,,,,,,,P0001,1,2025-09-10_16h11.28.409,SignalDetection_Experiment,,2025.1.1,59.65928582,2025-09-10 16h11.35.309044 +0530
70,0,70,0,up,1,0.4510512,None,70,0,70,0,112.277503,,,,,,,,,,112.2618457,112.277503,113.2775243,113.2608465,113.7280846,0,up,1,0.4510512,None,,,,,,,,,P0001,1,2025-09-10_16h11.28.409,SignalDetection_Experiment,,2025.1.1,59.65928582,2025-09-10 16h11.35.309044 +0530
71,0,71,-5,down,1,0.4606111,None,71,0,71,0,113.7444971,,,,,,,,,,113.7285393,113.7444971,114.7444146,114.7277521,115.1946384,-5,down,1,0.4606111,None,,,,,,,,,P0001,1,2025-09-10_16h11.28.409,SignalDetection_Experiment,,2025.1.1,59.65928582,2025-09-10 16h11.35.309044 +0530
72,0,72,-4,down,1,0.4634334,None,72,0,72,0,115.2107385,,,,,,,,,,115.1951634,115.2107385,116.2107512,116.1940996,116.6614552,-4,down,1,0.4634334,None,,,,,,,,,P0001,1,2025-09-10_16h11.28.409,SignalDetection_Experiment,,2025.1.1,59.65928582,2025-09-10 16h11.35.309044 +0530
73,0,73,0,up,1,0.7139653,None,73,0,73,0,116.6777318,,,,,,,,,,116.6618766,116.6777318,117.6773135,117.6609742,118.3781794,0,up,1,0.7139653,None,,,,,,,,,P0001,1,2025-09-10_16h11.28.409,SignalDetection_Experiment,,2025.1.1,59.65928582,2025-09-10 16h11.35.309044 +0530
74,0,74,4,down,1,0.6292021,None,74,0,74,0,118.3943867,,,,,,,,,,118.378642,118.3943867,119.3942521,119.3776974,120.0114356,4,down,1,0.6292021,None,,,,,,,,,P0001,1,2025-09-10_16h11.28.409,SignalDetection_Experiment,,2025.1.1,59.65928582,2025-09-10 16h11.35.309044 +0530
75,0,75,0,up,1,0.5109823,None,75,0,75,0,120.0273037,,,,,,,,,,120.011853,120.0273037,121.0275696,121.0111175,121.5279513,0,up,1,0.5109823,None,,,,,,,,,P0001,1,2025-09-10_16h11.28.409,SignalDetection_Experiment,,2025.1.1,59.65928582,2025-09-10 16h11.35.309044 +0530
76,0,76,0,down,0,0.4818178,None,76,0,76,0,121.5441095,,,,,,,,,,121.5284378,121.5441095,122.5442222,122.5275555,123.0113455,0,down,0,0.4818178,None,,,,,,,,,P0001,1,2025-09-10_16h11.28.409,SignalDetection_Experiment,,2025.1.1,59.65928582,2025-09-10 16h11.35.309044 +0530
77,0,77,0,up,1,0.4108321,None,77,0,77,0,123.0273663,,,,,,,,,,123.0117448,123.0273663,124.0273738,124.0108793,124.4279321,0,up,1,0.4108321,None,,,,,,,,,P0001,1,2025-09-10_16h11.28.409,SignalDetection_Experiment,,2025.1.1,59.65928582,2025-09-10 16h11.35.309044 +0530
78,0,78,0,up,1,0.5380286,None,78,0,78,0,124.4440893,,,,,,,,,,124.4283536,124.4440893,125.4441307,125.4272059,125.9779673,0,up,1,0.5380286,None,,,,,,,,,P0001,1,2025-09-10_16h11.28.409,SignalDetection_Experiment,,2025.1.1,59.65928582,2025-09-10 16h11.35.309044 +0530
79,0,79,0,up,1,0.8178619,None,79,0,79,0,125.9942054,,,,,,,,,,125.9783964,125.9942054,126.9941028,126.9775868,127.8113342,0,up,1,0.8178619,None,,,,,,,,,P0001,1,2025-09-10_16h11.28.409,SignalDetection_Experiment,,2025.1.1,59.65928582,2025-09-10 16h11.35.309044 +0530
80,0,80,-3,down,1,0.5012394,None,80,0,80,0,127.8271966,,,,,,,,,,127.8118263,127.8271966,128.8273992,128.8108647,129.3277784,-3,down,1,0.5012394,None,,,,,,,,,P0001,1,2025-09-10_16h11.28.409,SignalDetection_Experiment,,2025.1.1,59.65928582,2025-09-10 16h11.35.309044 +0530
81,0,81,2,down,1,1.04298,None,81,0,81,0,129.3440764,,,,,,,,,,129.3282013,129.3440764,130.3439218,130.3271604,131.377798,2,down,1,1.04298,None,,,,,,,,,P0001,1,2025-09-10_16h11.28.409,SignalDetection_Experiment,,2025.1.1,59.65928582,2025-09-10 16h11.35.309044 +0530
82,0,82,3,up,0,0.5447722,None,82,0,82,0,131.394014,,,,,,,,,,131.3782757,131.394014,132.3938331,132.3774381,132.9277718,3,up,0,0.5447722,None,,,,,,,,,P0001,1,2025-09-10_16h11.28.409,SignalDetection_Experiment,,2025.1.1,59.65928582,2025-09-10 16h11.35.309044 +0530
83,0,83,0,up,1,0.7170849,None,83,0,83,0,132.9435491,,,,,,,,,,132.9281852,132.9435491,133.9438017,133.927374,134.6611338,0,up,1,0.7170849,None,,,,,,,,,P0001,1,2025-09-10_16h11.28.409,SignalDetection_Experiment,,2025.1.1,59.65928582,2025-09-10 16h11.35.309044 +0530
84,0,84,0,up,1,0.6128454,None,84,0,84,0,134.6770483,,,,,,,,,,134.6615524,134.6770483,135.6770127,135.6605147,136.2768312,0,up,1,0.6128454,None,,,,,,,,,P0001,1,2025-09-10_16h11.28.409,SignalDetection_Experiment,,2025.1.1,59.65928582,2025-09-10 16h11.35.309044 +0530
85,0,85,0,up,1,0.4856722,None,85,0,85,0,136.2935334,,,,,,,,,,136.2769983,136.2935334,137.2936282,137.27692,137.7773223,0,up,1,0.4856722,None,,,,,,,,,P0001,1,2025-09-10_16h11.28.409,SignalDetection_Experiment,,2025.1.1,59.65928582,2025-09-10 16h11.35.309044 +0530
86,0,86,0,up,1,0.4327289,None,86,0,86,0,137.7939394,,,,,,,,,,137.7777184,137.7939394,138.7936622,138.7771107,139.2102531,0,up,1,0.4327289,None,,,,,,,,,P0001,1,2025-09-10_16h11.28.409,SignalDetection_Experiment,,2025.1.1,59.65928582,2025-09-10 16h11.35.309044 +0530
87,0,87,0,up,1,0.3487246,None,87,0,87,0,139.2270346,,,,,,,,,,139.2104115,139.2270346,140.2266914,140.2100825,140.5608241,0,up,1,0.3487246,None,,,,,,,,,P0001,1,2025-09-10_16h11.28.409,SignalDetection_Experiment,,2025.1.1,59.65928582,2025-09-10 16h11.35.309044 +0530
88,0,88,3,down,1,0.5883383,None,88,0,88,0,140.5768739,,,,,,,,,,140.5612874,140.5768739,141.5771158,141.5604885,142.1607183,3,down,1,0.5883383,None,,,,,,,,,P0001,1,2025-09-10_16h11.28.409,SignalDetection_Experiment,,2025.1.1,59.65928582,2025-09-10 16h11.35.309044 +0530
89,0,89,0,up,1,0.5739047,None,89,0,89,0,142.1766587,,,,,,,,,,142.1608676,142.1766587,143.1767403,143.1602448,143.7442265,0,up,1,0.5739047,None,,,,,,,,,P0001,1,2025-09-10_16h11.28.409,SignalDetection_Experiment,,2025.1.1,59.65928582,2025-09-10 16h11.35.309044 +0530
90,0,90,3,down,1,0.9072845,None,90,0,90,0,143.7601859,,,,,,,,,,143.7447029,143.7601859,144.7601165,144.743773,145.6609038,3,down,1,0.9072845,None,,,,,,,,,P0001,1,2025-09-10_16h11.28.409,SignalDetection_Experiment,,2025.1.1,59.65928582,2025-09-10 16h11.35.309044 +0530
91,0,91,0,up,1,0.5921236,None,91,0,91,0,145.6768208,,,,,,,,,,145.6613191,145.6768208,146.6766256,146.6603473,147.2601514,0,up,1,0.5921236,None,,,,,,,,,P0001,1,2025-09-10_16h11.28.409,SignalDetection_Experiment,,2025.1.1,59.65928582,2025-09-10 16h11.35.309044 +0530
92,0,92,0,up,1,0.688696,None,92,0,92,0,147.2764095,,,,,,,,,,147.2603864,147.2764095,148.2767396,148.2604875,148.9607639,0,up,1,0.688696,None,,,,,,,,,P0001,1,2025-09-10_16h11.28.409,SignalDetection_Experiment,,2025.1.1,59.65928582,2025-09-10 16h11.35.309044 +0530
93,0,93,0,up,1,0.4882373,None,93,0,93,0,148.9769214,,,,,,,,,,148.9611804,148.9769214,149.9767445,149.9602217,150.4607423,0,up,1,0.4882373,None,,,,,,,,,P0001,1,2025-09-10_16h11.28.409,SignalDetection_Experiment,,2025.1.1,59.65928582,2025-09-10 16h11.35.309044 +0530
94,0,94,0,up,1,0.5249926,None,94,0,94,0,150.47641,,,,,,,,,,150.4611626,150.47641,151.4768217,151.4600738,151.9940957,0,up,1,0.5249926,None,,,,,,,,,P0001,1,2025-09-10_16h11.28.409,SignalDetection_Experiment,,2025.1.1,59.65928582,2025-09-10 16h11.35.309044 +0530
95,0,95,2,up,0,0.4397113,None,95,0,95,0,152.0101573,,,,,,,,,,151.9945553,152.0101573,153.0100074,152.9935373,153.4439191,2,up,0,0.4397113,None,,,,,,,,,P0001,1,2025-09-10_16h11.28.409,SignalDetection_Experiment,,2025.1.1,59.65928582,2025-09-10 16h11.35.309044 +0530
96,0,96,0,up,1,0.7024222,None,96,0,96,0,153.459922,,,,,,,,,,153.4443356,153.459922,154.459929,154.4433246,155.1600438,0,up,1,0.7024222,None,,,,,,,,,P0001,1,2025-09-10_16h11.28.409,SignalDetection_Experiment,,2025.1.1,59.65928582,2025-09-10 16h11.35.309044 +0530
97,0,97,0,up,1,0.6554083,None,97,0,97,0,155.1764022,,,,,,,,,,155.1604978,155.1764022,156.1763194,156.1597478,156.8270782,0,up,1,0.6554083,None,,,,,,,,,P0001,1,2025-09-10_16h11.28.409,SignalDetection_Experiment,,2025.1.1,59.65928582,2025-09-10 16h11.35.309044 +0530
98,0,98,2,down,1,0.3937989,None,98,0,98,0,156.8434413,,,,,,,,,,156.8275329,156.8434413,157.8431974,157.8265815,158.2265749,2,down,1,0.3937989,None,,,,,,,,,P0001,1,2025-09-10_16h11.28.409,SignalDetection_Experiment,,2025.1.1,59.65928582,2025-09-10 16h11.35.309044 +0530
99,0,99,0,up,1,0.6283731,None,99,0,99,0,158.2428936,,,,,,,,,,158.2267401,158.2428936,159.2429131,159.2262547,159.8602085,0,up,1,0.6283731,None,,,,,,,,,P0001,1,2025-09-10_16h11.28.409,SignalDetection_Experiment,,2025.1.1,59.65928582,2025-09-10 16h11.35.309044 +0530
,,,,,,,,,,,,,,,,,,,,,,,,,,,,,,,,159.8604958,159.8763091,159.8763091,160.8763687,160.8771552,space,0.9863559,None,P0001,1,2025-09-10_16h11.28.409,SignalDetection_Experiment,,2025.1.1,59.65928582,2025-09-10 16h11.35.309044 +0530
