Staircase.thisTrialN,Staircase.stepSize,Staircase.intensity,thisRow.t,notes,Welcome.started,text.started,key_resp_2.started,Welcome.stopped,key_resp_2.keys,key_resp_2.rt,key_resp_2.duration,trial.started,Fixation.started,grating.started,key_resp.started,Fixation.stopped,grating.stopped,trial.stopped,corrAns,tilt,key_resp.corr,Staircase.response,key_resp.rt,Thank_You.started,text_2.started,key_resp_3.started,Thank_You.stopped,key_resp_3.keys,key_resp_3.rt,key_resp_3.duration,participant,session,Gender,Age,date,expName,expVersion,psychopyVersion,frameRate,expStart
,,,,,0.0164325,0.0343802,0.0343802,1.798817,space,1.7477074,None,,,,,,,,,,,,,,,,,,,,P1,1,Man,,2025-09-03_23h46.10.038,StairCase_Experiment,,2025.1.1,59.71832064,2025-09-03 23h46.15.363747 +0530
0,10,10,1.8171012,,,,,,,,,1.7991999,1.8171012,2.3034667,2.3034667,2.3192345,2.6185027,2.6863667,right,10,1,1,0.3686011,,,,,,,,P1,1,Man,,2025-09-03_23h46.10.038,StairCase_Experiment,,2025.1.1,59.71832064,2025-09-03 23h46.15.363747 +0530
1,10,1,2.7029869,,,,,,,,,2.6867925,2.7029869,3.2020763,3.2020763,3.2020763,3.5020899,3.6695109,left,-1,1,1,0.4582968,,,,,,,,P1,1,Man,,2025-09-03_23h46.10.038,StairCase_Experiment,,2025.1.1,59.71832064,2025-09-03 23h46.15.363747 +0530
2,10,1,3.6860601,,,,,,,,,3.6698674,3.6860601,4.1685658,4.1685658,4.1858964,4.4690239,4.8032927,left,-1,1,1,0.6295346,,,,,,,,P1,1,Man,,2025-09-03_23h46.10.038,StairCase_Experiment,,2025.1.1,59.71832064,2025-09-03 23h46.15.363747 +0530
3,10,1,4.8194344,,,,,,,,,4.803662,4.8194344,5.3192699,5.3192699,5.3192699,5.6195066,5.8862748,left,-1,1,1,0.5612355,,,,,,,,P1,1,Man,,2025-09-03_23h46.10.038,StairCase_Experiment,,2025.1.1,59.71832064,2025-09-03 23h46.15.363747 +0530
4,5,1,5.9021504,,,,,,,,,5.8866728,5.9021504,6.3853646,6.3853646,6.4025957,6.685885,6.8363843,left,-1,0,0,0.4406194,,,,,,,,P1,1,Man,,2025-09-03_23h46.10.038,StairCase_Experiment,,2025.1.1,59.71832064,2025-09-03 23h46.15.363747 +0530
5,2.5,20,6.8510733,,,,,,,,,6.8367611,6.8510733,7.3499733,7.3499733,7.3499733,7.6512669,7.8182079,left,-20,1,1,0.4657467,,,,,,,,P1,1,Man,,2025-09-03_23h46.10.038,StairCase_Experiment,,2025.1.1,59.71832064,2025-09-03 23h46.15.363747 +0530
6,2.5,1,7.8336776,,,,,,,,,7.8183633,7.8336776,8.3173152,8.3173152,8.3344638,8.6182082,8.8512329,right,1,1,1,0.5210717,,,,,,,,P1,1,Man,,2025-09-03_23h46.10.038,StairCase_Experiment,,2025.1.1,59.71832064,2025-09-03 23h46.15.363747 +0530
7,2.5,1,8.8674844,,,,,,,,,8.8515912,8.8674844,9.3502335,9.3502335,9.3667882,9.6516643,9.9682398,left,-1,0,0,0.6053872,,,,,,,,P1,1,Man,,2025-09-03_23h46.10.038,StairCase_Experiment,,2025.1.1,59.71832064,2025-09-03 23h46.15.363747 +0530
8,2.5,1,9.9841223,,,,,,,,,9.9684479,9.9841223,10.4673319,10.4673319,10.4843059,10.7674159,11.0184825,left,-1,0,0,0.5398048,,,,,,,,P1,1,Man,,2025-09-03_23h46.10.038,StairCase_Experiment,,2025.1.1,59.71832064,2025-09-03 23h46.15.363747 +0530
9,1,1,11.0344843,,,,,,,,,11.0187763,11.0344843,11.5182501,11.5182501,11.5339563,11.8179055,12.0341613,left,-1,0,0,0.5079809,,,,,,,,P1,1,Man,,2025-09-03_23h46.10.038,StairCase_Experiment,,2025.1.1,59.71832064,2025-09-03 23h46.15.363747 +0530
10,0.5,10,12.0507995,,,,,,,,,12.0343075,12.0507995,12.5355082,12.5355082,12.5518176,12.8337631,13.0006335,left,-10,1,1,0.4556454,,,,,,,,P1,1,Man,,2025-09-03_23h46.10.038,StairCase_Experiment,,2025.1.1,59.71832064,2025-09-03 23h46.15.363747 +0530
11,0.5,3.16227766,13.0175667,,,,,,,,,13.0009063,13.0175667,13.5003292,13.5003292,13.5174173,13.8005042,14.1169587,right,3.16227766,1,1,0.6161924,,,,,,,,P1,1,Man,,2025-09-03_23h46.10.038,StairCase_Experiment,,2025.1.1,59.71832064,2025-09-03 23h46.15.363747 +0530
12,0.5,1,14.1335582,,,,,,,,,14.1171159,14.1335582,14.6192486,14.6192486,14.6356661,14.9185212,15.1692165,left,-1,1,1,0.5386974,,,,,,,,P1,1,Man,,2025-09-03_23h46.10.038,StairCase_Experiment,,2025.1.1,59.71832064,2025-09-03 23h46.15.363747 +0530
13,0.5,1,15.1851663,,,,,,,,,15.1696411,15.1851663,15.6831494,15.6831494,15.7009314,15.9852782,16.2361224,right,1,1,1,0.5362104,,,,,,,,P1,1,Man,,2025-09-03_23h46.10.038,StairCase_Experiment,,2025.1.1,59.71832064,2025-09-03 23h46.15.363747 +0530
14,0.5,1,16.2529637,,,,,,,,,16.2364865,16.2529637,16.7351268,16.7351268,16.7688078,17.0357098,17.2354649,right,1,1,1,0.4912772,,,,,,,,P1,1,Man,,2025-09-03_23h46.10.038,StairCase_Experiment,,2025.1.1,59.71832064,2025-09-03 23h46.15.363747 +0530
15,0.5,1,17.2518803,,,,,,,,,17.235821,17.2518803,17.7356637,17.7356637,17.7526604,18.0350113,18.3025617,right,1,1,1,0.5582507,,,,,,,,P1,1,Man,,2025-09-03_23h46.10.038,StairCase_Experiment,,2025.1.1,59.71832064,2025-09-03 23h46.15.363747 +0530
16,0.5,1,18.3189923,,,,,,,,,18.3029378,18.3189923,18.8020895,18.8020895,18.8183683,19.1021235,19.516983,right,1,1,1,0.6985788,,,,,,,,P1,1,Man,,2025-09-03_23h46.10.038,StairCase_Experiment,,2025.1.1,59.71832064,2025-09-03 23h46.15.363747 +0530
17,0.5,1,19.5331116,,,,,,,,,19.5172083,19.5331116,20.0168736,20.0168736,20.0339454,20.3176072,20.6346246,left,-1,1,1,0.6068023,,,,,,,,P1,1,Man,,2025-09-03_23h46.10.038,StairCase_Experiment,,2025.1.1,59.71832064,2025-09-03 23h46.15.363747 +0530
18,0.5,1,20.6508595,,,,,,,,,20.63496,20.6508595,21.1341489,21.1341489,21.1497376,21.4338209,21.6335097,left,-1,1,1,0.495581,,,,,,,,P1,1,Man,,2025-09-03_23h46.10.038,StairCase_Experiment,,2025.1.1,59.71832064,2025-09-03 23h46.15.363747 +0530
19,0.5,1,21.6494745,,,,,,,,,21.6336645,21.6494745,22.1341432,22.1341432,22.1505391,22.4515231,22.6678713,right,1,1,1,0.523545,,,,,,,,P1,1,Man,,2025-09-03_23h46.10.038,StairCase_Experiment,,2025.1.1,59.71832064,2025-09-03 23h46.15.363747 +0530
20,0.5,1,22.6833732,,,,,,,,,22.6680828,22.6833732,23.1665584,23.1665584,23.1834357,23.4669105,23.7346497,left,-1,1,1,0.5662239,,,,,,,,P1,1,Man,,2025-09-03_23h46.10.038,StairCase_Experiment,,2025.1.1,59.71832064,2025-09-03 23h46.15.363747 +0530
21,0.5,1,23.7504243,,,,,,,,,23.7349827,23.7504243,24.233719,24.233719,24.2501776,24.533266,25.1843046,right,1,1,1,0.9449851,,,,,,,,P1,1,Man,,2025-09-03_23h46.10.038,StairCase_Experiment,,2025.1.1,59.71832064,2025-09-03 23h46.15.363747 +0530
22,0.5,1,25.2014453,,,,,,,,,25.1845575,25.2014453,25.68432,25.68432,25.7005206,25.9841217,26.2331309,left,-1,1,1,0.5448436,,,,,,,,P1,1,Man,,2025-09-03_23h46.10.038,StairCase_Experiment,,2025.1.1,59.71832064,2025-09-03 23h46.15.363747 +0530
23,0.5,1,26.2495872,,,,,,,,,26.2332923,26.2495872,26.7339862,26.7339862,26.7499759,27.0340826,27.3667297,left,-1,1,1,0.6245482,,,,,,,,P1,1,Man,,2025-09-03_23h46.10.038,StairCase_Experiment,,2025.1.1,59.71832064,2025-09-03 23h46.15.363747 +0530
24,0.5,1,27.3832528,,,,,,,,,27.366931,27.3832528,27.8679259,27.8679259,27.8846443,28.1680329,28.3522213,left,-1,1,1,0.4693307,,,,,,,,P1,1,Man,,2025-09-03_23h46.10.038,StairCase_Experiment,,2025.1.1,59.71832064,2025-09-03 23h46.15.363747 +0530
25,0.5,1,28.3679767,,,,,,,,,28.3526124,28.3679767,28.8517695,28.8517695,28.8686213,29.1520806,29.3524513,right,1,1,1,0.4956794,,,,,,,,P1,1,Man,,2025-09-03_23h46.10.038,StairCase_Experiment,,2025.1.1,59.71832064,2025-09-03 23h46.15.363747 +0530
26,0.5,1,29.3683326,,,,,,,,,29.3528428,29.3683326,29.8509877,29.8509877,29.8670393,30.1519432,30.6367164,right,1,1,1,0.7813306,,,,,,,,P1,1,Man,,2025-09-03_23h46.10.038,StairCase_Experiment,,2025.1.1,59.71832064,2025-09-03 23h46.15.363747 +0530
27,0.5,1,30.6521516,,,,,,,,,30.6371777,30.6521516,31.1521728,31.1521728,31.1521728,31.4522256,32.4353684,left,-1,1,1,1.2724604,,,,,,,,P1,1,Man,,2025-09-03_23h46.10.038,StairCase_Experiment,,2025.1.1,59.71832064,2025-09-03 23h46.15.363747 +0530
28,0.5,1,32.4516071,,,,,,,,,32.4357193,32.4516071,32.9346505,32.9346505,32.9518531,33.2362598,33.4882246,left,-1,1,1,0.5515028,,,,,,,,P1,1,Man,,2025-09-03_23h46.10.038,StairCase_Experiment,,2025.1.1,59.71832064,2025-09-03 23h46.15.363747 +0530
29,0.5,1,33.5018965,,,,,,,,,33.4885635,33.5018965,34.0018963,34.0018963,34.0018963,34.3015222,34.4690963,left,-1,1,1,0.4575537,,,,,,,,P1,1,Man,,2025-09-03_23h46.10.038,StairCase_Experiment,,2025.1.1,59.71832064,2025-09-03 23h46.15.363747 +0530
30,0.5,1,34.4853084,,,,,,,,,34.4694271,34.4853084,34.9680735,34.9680735,34.9848051,35.2683859,35.5206047,right,1,1,1,0.5493491,,,,,,,,P1,1,Man,,2025-09-03_23h46.10.038,StairCase_Experiment,,2025.1.1,59.71832064,2025-09-03 23h46.15.363747 +0530
31,0.5,1,35.5343141,,,,,,,,,35.5209477,35.5343141,36.034979,36.034979,36.034979,36.334913,36.4689408,right,1,1,1,0.4290581,,,,,,,,P1,1,Man,,2025-09-03_23h46.10.038,StairCase_Experiment,,2025.1.1,59.71832064,2025-09-03 23h46.15.363747 +0530
32,0.5,1,36.4848055,,,,,,,,,36.4693874,36.4848055,36.968143,36.968143,36.9857097,37.2680639,37.5177118,left,-1,0,0,0.5384378,,,,,,,,P1,1,Man,,2025-09-03_23h46.10.038,StairCase_Experiment,,2025.1.1,59.71832064,2025-09-03 23h46.15.363747 +0530
33,0.5,1,37.5337196,,,,,,,,,37.5180886,37.5337196,38.0178836,38.0178836,38.034437,38.318552,38.5356773,right,1,1,1,0.5102228,,,,,,,,P1,1,Man,,2025-09-03_23h46.10.038,StairCase_Experiment,,2025.1.1,59.71832064,2025-09-03 23h46.15.363747 +0530
34,0.5,1,38.5515684,,,,,,,,,38.5360801,38.5515684,39.034582,39.034582,39.0517639,39.3351311,39.7686489,right,1,1,1,0.7288159,,,,,,,,P1,1,Man,,2025-09-03_23h46.10.038,StairCase_Experiment,,2025.1.1,59.71832064,2025-09-03 23h46.15.363747 +0530
35,0.5,1,39.7849044,,,,,,,,,39.7690836,39.7849044,40.268156,40.268156,40.2841107,40.5680937,40.8517815,right,1,1,1,0.5737025,,,,,,,,P1,1,Man,,2025-09-03_23h46.10.038,StairCase_Experiment,,2025.1.1,59.71832064,2025-09-03 23h46.15.363747 +0530
36,0.5,1,40.8677784,,,,,,,,,40.8520956,40.8677784,41.3508901,41.3508901,41.3686984,41.6513617,41.8523435,right,1,1,1,0.4960099,,,,,,,,P1,1,Man,,2025-09-03_23h46.10.038,StairCase_Experiment,,2025.1.1,59.71832064,2025-09-03 23h46.15.363747 +0530
37,0.5,1,41.867639,,,,,,,,,41.8528352,41.867639,42.3518293,42.3518293,42.3681317,42.6512489,42.902487,left,-1,1,1,0.5448738,,,,,,,,P1,1,Man,,2025-09-03_23h46.10.038,StairCase_Experiment,,2025.1.1,59.71832064,2025-09-03 23h46.15.363747 +0530
38,0.5,1,42.9175478,,,,,,,,,42.9028122,42.9175478,43.4179269,43.4179269,43.4179269,43.7178099,43.9857084,left,-1,1,1,0.5595007,,,,,,,,P1,1,Man,,2025-09-03_23h46.10.038,StairCase_Experiment,,2025.1.1,59.71832064,2025-09-03 23h46.15.363747 +0530
39,0.5,1,44.001564,,,,,,,,,43.9860843,44.001564,44.484453,44.484453,44.5016876,44.7845232,44.9350628,left,-1,1,1,0.4403514,,,,,,,,P1,1,Man,,2025-09-03_23h46.10.038,StairCase_Experiment,,2025.1.1,59.71832064,2025-09-03 23h46.15.363747 +0530
40,0.5,1,44.9516319,,,,,,,,,44.9354232,44.9516319,45.4345846,45.4345846,45.451372,45.7347575,46.4185405,left,-1,1,1,0.9745208,,,,,,,,P1,1,Man,,2025-09-03_23h46.10.038,StairCase_Experiment,,2025.1.1,59.71832064,2025-09-03 23h46.15.363747 +0530
41,0.5,1,46.4343577,,,,,,,,,46.4190131,46.4343577,46.9180479,46.9180479,46.9348692,47.2182305,47.6187038,left,-1,1,1,0.6907612,,,,,,,,P1,1,Man,,2025-09-03_23h46.10.038,StairCase_Experiment,,2025.1.1,59.71832064,2025-09-03 23h46.15.363747 +0530
42,0.5,1,47.6346478,,,,,,,,,47.6191021,47.6346478,48.1183704,48.1183704,48.1349122,48.4181012,48.6014274,right,1,0,0,0.4739656,,,,,,,,P1,1,Man,,2025-09-03_23h46.10.038,StairCase_Experiment,,2025.1.1,59.71832064,2025-09-03 23h46.15.363747 +0530
43,0.5,1,48.6180166,,,,,,,,,48.601766,48.6180166,49.1014147,49.1014147,49.1177321,49.4019249,49.6335302,right,1,1,1,0.5297805,,,,,,,,P1,1,Man,,2025-09-03_23h46.10.038,StairCase_Experiment,,2025.1.1,59.71832064,2025-09-03 23h46.15.363747 +0530
44,0.5,1,49.6501111,,,,,,,,,49.6337269,49.6501111,50.1345295,50.1345295,50.1513698,50.4334885,50.7514938,left,-1,1,1,0.6012716,,,,,,,,P1,1,Man,,2025-09-03_23h46.10.038,StairCase_Experiment,,2025.1.1,59.71832064,2025-09-03 23h46.15.363747 +0530
45,0.5,1,50.7679876,,,,,,,,,50.7518703,50.7679876,51.2681486,51.2681486,51.2681486,51.5680102,51.8186972,left,-1,1,1,0.5413354,,,,,,,,P1,1,Man,,2025-09-03_23h46.10.038,StairCase_Experiment,,2025.1.1,59.71832064,2025-09-03 23h46.15.363747 +0530
46,0.5,1,51.8345005,,,,,,,,,51.8190444,51.8345005,52.3344853,52.3344853,52.3344853,52.6349928,52.8019821,right,1,1,1,0.4574446,,,,,,,,P1,1,Man,,2025-09-03_23h46.10.038,StairCase_Experiment,,2025.1.1,59.71832064,2025-09-03 23h46.15.363747 +0530
47,0.5,1,52.8178468,,,,,,,,,52.8024429,52.8178468,53.3173359,53.3173359,53.3335348,53.6173253,53.9325819,left,-1,1,1,0.6008014,,,,,,,,P1,1,Man,,2025-09-03_23h46.10.038,StairCase_Experiment,,2025.1.1,59.71832064,2025-09-03 23h46.15.363747 +0530
48,0.5,1,53.9503905,,,,,,,,,53.9328705,53.9503905,54.4325417,54.4325417,54.4668286,54.7319925,54.9858033,right,1,1,1,0.541466,,,,,,,,P1,1,Man,,2025-09-03_23h46.10.038,StairCase_Experiment,,2025.1.1,59.71832064,2025-09-03 23h46.15.363747 +0530
49,0.5,1,55.0007717,,,,,,,,,54.9861566,55.0007717,55.5007037,55.5007037,55.5007037,55.8161547,56.0336469,right,1,1,1,0.5179055,,,,,,,,P1,1,Man,,2025-09-03_23h46.10.038,StairCase_Experiment,,2025.1.1,59.71832064,2025-09-03 23h46.15.363747 +0530
50,0.5,1,56.0500853,,,,,,,,,56.0340546,56.0500853,56.5333238,56.5333238,56.5504154,56.8339393,57.0996402,left,-1,1,1,0.5527108,,,,,,,,P1,1,Man,,2025-09-03_23h46.10.038,StairCase_Experiment,,2025.1.1,59.71832064,2025-09-03 23h46.15.363747 +0530
51,0.5,1,57.1157976,,,,,,,,,57.0998007,57.1157976,57.5989891,57.5989891,57.6162039,57.9001118,58.2330963,right,1,1,1,0.6230768,,,,,,,,P1,1,Man,,2025-09-03_23h46.10.038,StairCase_Experiment,,2025.1.1,59.71832064,2025-09-03 23h46.15.363747 +0530
52,0.5,1,58.2486897,,,,,,,,,58.2333992,58.2486897,58.7323897,58.7323897,58.7486254,59.0339559,59.9339867,left,-1,1,1,1.1970502,,,,,,,,P1,1,Man,,2025-09-03_23h46.10.038,StairCase_Experiment,,2025.1.1,59.71832064,2025-09-03 23h46.15.363747 +0530
53,0.5,1,59.9497101,,,,,,,,,59.9343539,59.9497101,60.4486207,60.4486207,60.4486207,60.7488892,61.0995173,right,1,1,1,0.6438458,,,,,,,,P1,1,Man,,2025-09-03_23h46.10.038,StairCase_Experiment,,2025.1.1,59.71832064,2025-09-03 23h46.15.363747 +0530
54,0.5,1,61.1154358,,,,,,,,,61.0997169,61.1154358,61.6008182,61.6008182,61.6179148,61.9007435,62.1687043,right,1,1,1,0.5511789,,,,,,,,P1,1,Man,,2025-09-03_23h46.10.038,StairCase_Experiment,,2025.1.1,59.71832064,2025-09-03 23h46.15.363747 +0530
55,0.5,1,62.1838877,,,,,,,,,62.1690308,62.1838877,62.6839609,62.6839609,62.6839609,62.9843947,63.1847612,right,1,1,1,0.4884054,,,,,,,,P1,1,Man,,2025-09-03_23h46.10.038,StairCase_Experiment,,2025.1.1,59.71832064,2025-09-03 23h46.15.363747 +0530
56,0.5,1,63.2000888,,,,,,,,,63.185167,63.2000888,63.7008202,63.7008202,63.7008202,64.0005452,64.2678996,left,-1,1,1,0.557005,,,,,,,,P1,1,Man,,2025-09-03_23h46.10.038,StairCase_Experiment,,2025.1.1,59.71832064,2025-09-03 23h46.15.363747 +0530
57,0.5,1,64.2837194,,,,,,,,,64.2683027,64.2837194,64.7676458,64.7676458,64.7836185,65.067385,65.2854893,right,1,1,1,0.5128764,,,,,,,,P1,1,Man,,2025-09-03_23h46.10.038,StairCase_Experiment,,2025.1.1,59.71832064,2025-09-03 23h46.15.363747 +0530
58,0.5,1,65.3005351,,,,,,,,,65.2858334,65.3005351,65.8008319,65.8008319,65.8008319,66.1013059,66.4841282,right,1,1,1,0.6765976,,,,,,,,P1,1,Man,,2025-09-03_23h46.10.038,StairCase_Experiment,,2025.1.1,59.71832064,2025-09-03 23h46.15.363747 +0530
59,0.5,1,66.5009803,,,,,,,,,66.4845031,66.5009803,66.9843779,66.9843779,67.0003942,67.2841929,67.6345951,left,-1,1,1,0.6344639,,,,,,,,P1,1,Man,,2025-09-03_23h46.10.038,StairCase_Experiment,,2025.1.1,59.71832064,2025-09-03 23h46.15.363747 +0530
60,0.5,1,67.6502644,,,,,,,,,67.6349668,67.6502644,68.1352924,68.1352924,68.1505802,68.4511857,68.6850592,right,1,1,1,0.5462933,,,,,,,,P1,1,Man,,2025-09-03_23h46.10.038,StairCase_Experiment,,2025.1.1,59.71832064,2025-09-03 23h46.15.363747 +0530
61,0.5,1,68.7013031,,,,,,,,,68.6854059,68.7013031,69.2010383,69.2010383,69.2010383,69.5007167,69.6528051,right,1,1,1,0.450694,,,,,,,,P1,1,Man,,2025-09-03_23h46.10.038,StairCase_Experiment,,2025.1.1,59.71832064,2025-09-03 23h46.15.363747 +0530
62,0.5,1,69.6677322,,,,,,,,,69.6532177,69.6677322,70.1672384,70.1672384,70.1672384,70.466703,70.6515853,right,1,1,1,0.4782447,,,,,,,,P1,1,Man,,2025-09-03_23h46.10.038,StairCase_Experiment,,2025.1.1,59.71832064,2025-09-03 23h46.15.363747 +0530
63,0.5,1,70.6672588,,,,,,,,,70.6519393,70.6672588,71.1501603,71.1501603,71.1671833,71.4514594,71.6350408,right,1,1,1,0.4718668,,,,,,,,P1,1,Man,,2025-09-03_23h46.10.038,StairCase_Experiment,,2025.1.1,59.71832064,2025-09-03 23h46.15.363747 +0530
64,0.5,1,71.6507082,,,,,,,,,71.6354582,71.6507082,72.1508966,72.1508966,72.1508966,72.4503744,72.6522476,left,-1,1,1,0.4966818,,,,,,,,P1,1,Man,,2025-09-03_23h46.10.038,StairCase_Experiment,,2025.1.1,59.71832064,2025-09-03 23h46.15.363747 +0530
65,0.5,1,72.6671073,,,,,,,,,72.6526007,72.6671073,73.1668787,73.1668787,73.1668787,73.4678425,73.6014166,right,1,1,1,0.4178512,,,,,,,,P1,1,Man,,2025-09-03_23h46.10.038,StairCase_Experiment,,2025.1.1,59.71832064,2025-09-03 23h46.15.363747 +0530
66,0.5,1,73.6165501,,,,,,,,,73.6017944,73.6165501,74.1167394,74.1167394,74.1167394,74.4172097,74.5514893,right,1,1,1,0.426732,,,,,,,,P1,1,Man,,2025-09-03_23h46.10.038,StairCase_Experiment,,2025.1.1,59.71832064,2025-09-03 23h46.15.363747 +0530
67,0.5,1,74.5671395,,,,,,,,,74.5519011,74.5671395,75.0664752,75.0664752,75.0664752,75.3673993,75.5177589,right,1,1,1,0.4486999,,,,,,,,P1,1,Man,,2025-09-03_23h46.10.038,StairCase_Experiment,,2025.1.1,59.71832064,2025-09-03 23h46.15.363747 +0530
68,0.5,1,75.5339166,,,,,,,,,75.5181154,75.5339166,76.0171606,76.0171606,76.0338071,76.3172877,76.550898,left,-1,1,1,0.5234768,,,,,,,,P1,1,Man,,2025-09-03_23h46.10.038,StairCase_Experiment,,2025.1.1,59.71832064,2025-09-03 23h46.15.363747 +0530
69,0.5,1,76.5668535,,,,,,,,,76.5513112,76.5668535,77.0665833,77.0665833,77.0665833,77.3669945,77.9356736,left,-1,1,1,0.8632549,,,,,,,,P1,1,Man,,2025-09-03_23h46.10.038,StairCase_Experiment,,2025.1.1,59.71832064,2025-09-03 23h46.15.363747 +0530
70,0.5,1,77.9506369,,,,,,,,,77.93603,77.9506369,78.450642,78.450642,78.450642,78.750694,78.984956,right,1,1,1,0.5191453,,,,,,,,P1,1,Man,,2025-09-03_23h46.10.038,StairCase_Experiment,,2025.1.1,59.71832064,2025-09-03 23h46.15.363747 +0530
71,0.5,1,79.0010187,,,,,,,,,78.9853851,79.0010187,79.5004352,79.5004352,79.5004352,79.800611,80.0016832,right,1,1,1,0.49569,,,,,,,,P1,1,Man,,2025-09-03_23h46.10.038,StairCase_Experiment,,2025.1.1,59.71832064,2025-09-03 23h46.15.363747 +0530
72,0.5,1,80.0177681,,,,,,,,,80.0021244,80.0177681,80.5173904,80.5173904,80.5173904,80.8172791,81.0185901,right,1,1,1,0.4973633,,,,,,,,P1,1,Man,,2025-09-03_23h46.10.038,StairCase_Experiment,,2025.1.1,59.71832064,2025-09-03 23h46.15.363747 +0530
73,0.5,1,81.0340454,,,,,,,,,81.0190634,81.0340454,81.5335867,81.5335867,81.5335867,81.833705,82.2843856,right,1,0,0,0.7398204,,,,,,,,P1,1,Man,,2025-09-03_23h46.10.038,StairCase_Experiment,,2025.1.1,59.71832064,2025-09-03 23h46.15.363747 +0530
74,0.5,1,82.3003387,,,,,,,,,82.2847593,82.3003387,82.7834949,82.7834949,82.8008322,83.0838729,83.4846607,right,1,0,0,0.6846051,,,,,,,,P1,1,Man,,2025-09-03_23h46.10.038,StairCase_Experiment,,2025.1.1,59.71832064,2025-09-03 23h46.15.363747 +0530
75,0.5,1,83.500377,,,,,,,,,83.4849813,83.500377,84.0000765,84.0000765,84.0000765,84.2996738,84.8013724,right,1,1,1,0.7965694,,,,,,,,P1,1,Man,,2025-09-03_23h46.10.038,StairCase_Experiment,,2025.1.1,59.71832064,2025-09-03 23h46.15.363747 +0530
76,0.5,1,84.8170236,,,,,,,,,84.8017823,84.8170236,85.3165357,85.3165357,85.3165357,85.616972,85.8505829,right,1,1,1,0.5219006,,,,,,,,P1,1,Man,,2025-09-03_23h46.10.038,StairCase_Experiment,,2025.1.1,59.71832064,2025-09-03 23h46.15.363747 +0530
77,0.5,1,85.8671312,,,,,,,,,85.8510122,85.8671312,86.3499084,86.3499084,86.3669456,86.6504997,86.7677171,right,1,1,1,0.4015832,,,,,,,,P1,1,Man,,2025-09-03_23h46.10.038,StairCase_Experiment,,2025.1.1,59.71832064,2025-09-03 23h46.15.363747 +0530
78,0.5,1,86.7832522,,,,,,,,,86.7680461,86.7832522,87.2830539,87.2830539,87.2830539,87.583933,87.7512644,left,-1,0,0,0.4566638,,,,,,,,P1,1,Man,,2025-09-03_23h46.10.038,StairCase_Experiment,,2025.1.1,59.71832064,2025-09-03 23h46.15.363747 +0530
79,0.5,1,87.7671441,,,,,,,,,87.7515984,87.7671441,88.2502799,88.2502799,88.2667881,88.5504075,88.9177357,left,-1,1,1,0.6621241,,,,,,,,P1,1,Man,,2025-09-03_23h46.10.038,StairCase_Experiment,,2025.1.1,59.71832064,2025-09-03 23h46.15.363747 +0530
80,0.5,1,88.933663,,,,,,,,,88.9181312,88.933663,89.4333061,89.4333061,89.4333061,89.7333389,90.0318106,right,1,1,1,0.5956983,,,,,,,,P1,1,Man,,2025-09-03_23h46.10.038,StairCase_Experiment,,2025.1.1,59.71832064,2025-09-03 23h46.15.363747 +0530
81,0.5,1,90.0484619,,,,,,,,,90.0320079,90.0484619,90.5318366,90.5318366,90.5491369,90.8314938,91.0483844,left,-1,1,1,0.5116859,,,,,,,,P1,1,Man,,2025-09-03_23h46.10.038,StairCase_Experiment,,2025.1.1,59.71832064,2025-09-03 23h46.15.363747 +0530
82,0.5,1,91.0653741,,,,,,,,,91.0486038,91.0653741,91.5480974,91.5480974,91.5651559,91.8487376,92.0325136,left,-1,1,1,0.4837888,,,,,,,,P1,1,Man,,2025-09-03_23h46.10.038,StairCase_Experiment,,2025.1.1,59.71832064,2025-09-03 23h46.15.363747 +0530
83,0.5,1,92.0478111,,,,,,,,,92.0327784,92.0478111,92.5490764,92.5490764,92.5490764,92.8484399,93.0325884,right,1,0,0,0.4742771,,,,,,,,P1,1,Man,,2025-09-03_23h46.10.038,StairCase_Experiment,,2025.1.1,59.71832064,2025-09-03 23h46.15.363747 +0530
84,0.5,1,93.0483292,,,,,,,,,93.0329198,93.0483292,93.5322882,93.5322882,93.5482819,93.8316304,93.9500729,right,1,0,0,0.4130055,,,,,,,,P1,1,Man,,2025-09-03_23h46.10.038,StairCase_Experiment,,2025.1.1,59.71832064,2025-09-03 23h46.15.363747 +0530
85,0.5,1,93.965506,,,,,,,,,93.9503683,93.965506,94.4485482,94.4485482,94.46605,94.7481151,94.8159236,left,-1,1,1,0.3520161,,,,,,,,P1,1,Man,,2025-09-03_23h46.10.038,StairCase_Experiment,,2025.1.1,59.71832064,2025-09-03 23h46.15.363747 +0530
86,0.5,1,94.8317958,,,,,,,,,94.8161461,94.8317958,95.3169672,95.3169672,95.3334185,95.6163443,95.7655615,left,-1,1,1,0.4335583,,,,,,,,P1,1,Man,,2025-09-03_23h46.10.038,StairCase_Experiment,,2025.1.1,59.71832064,2025-09-03 23h46.15.363747 +0530
87,0.5,1,95.7820172,,,,,,,,,95.7657266,95.7820172,96.281521,96.281521,96.2979396,96.5817309,96.7327453,left,-1,1,1,0.446085,,,,,,,,P1,1,Man,,2025-09-03_23h46.10.038,StairCase_Experiment,,2025.1.1,59.71832064,2025-09-03 23h46.15.363747 +0530
88,0.5,1,96.7488206,,,,,,,,,96.733029,96.7488206,97.2479938,97.2479938,97.2647139,97.5488413,97.6160938,right,1,0,0,0.3654106,,,,,,,,P1,1,Man,,2025-09-03_23h46.10.038,StairCase_Experiment,,2025.1.1,59.71832064,2025-09-03 23h46.15.363747 +0530
89,0.5,1,97.6319717,,,,,,,,,97.616279,97.6319717,98.116431,98.116431,98.1335873,98.4161865,98.6171723,left,-1,1,1,0.4955737,,,,,,,,P1,1,Man,,2025-09-03_23h46.10.038,StairCase_Experiment,,2025.1.1,59.71832064,2025-09-03 23h46.15.363747 +0530
90,0.5,1,98.6336822,,,,,,,,,98.61763,98.6336822,99.133525,99.133525,99.133525,99.4329324,99.4504439,left,-1,1,1,0.3088099,,,,,,,,P1,1,Man,,2025-09-03_23h46.10.038,StairCase_Experiment,,2025.1.1,59.71832064,2025-09-03 23h46.15.363747 +0530
91,0.5,1,99.4666439,,,,,,,,,99.4507987,99.4666439,99.9500602,99.9500602,99.9661013,100.2494723,100.4171673,left,-1,1,1,0.4611016,,,,,,,,P1,1,Man,,2025-09-03_23h46.10.038,StairCase_Experiment,,2025.1.1,59.71832064,2025-09-03 23h46.15.363747 +0530
92,0.5,1,100.4330515,,,,,,,,,100.4175032,100.4330515,100.9163744,100.9163744,100.9331582,101.2162889,101.2670499,left,-1,1,1,0.3406151,,,,,,,,P1,1,Man,,2025-09-03_23h46.10.038,StairCase_Experiment,,2025.1.1,59.71832064,2025-09-03 23h46.15.363747 +0530
93,0.5,1,101.2832253,,,,,,,,,101.2673807,101.2832253,101.7665366,101.7665366,101.7833361,102.0668684,102.1334558,left,-1,1,1,0.3593053,,,,,,,,P1,1,Man,,2025-09-03_23h46.10.038,StairCase_Experiment,,2025.1.1,59.71832064,2025-09-03 23h46.15.363747 +0530
94,0.5,1,102.1497782,,,,,,,,,102.1338257,102.1497782,102.6331657,102.6331657,102.6504491,102.9326628,102.9505415,right,1,0,0,0.3109642,,,,,,,,P1,1,Man,,2025-09-03_23h46.10.038,StairCase_Experiment,,2025.1.1,59.71832064,2025-09-03 23h46.15.363747 +0530
95,0.5,1,102.9659845,,,,,,,,,102.9508561,102.9659845,103.4497304,103.4497304,103.4660416,103.7494107,103.8330302,left,-1,1,1,0.3682233,,,,,,,,P1,1,Man,,2025-09-03_23h46.10.038,StairCase_Experiment,,2025.1.1,59.71832064,2025-09-03 23h46.15.363747 +0530
96,0.5,1,103.849329,,,,,,,,,103.8334761,103.849329,104.3333928,104.3333928,104.3503243,104.649657,104.6992121,right,1,0,0,0.3527963,,,,,,,,P1,1,Man,,2025-09-03_23h46.10.038,StairCase_Experiment,,2025.1.1,59.71832064,2025-09-03 23h46.15.363747 +0530
97,0.5,1,104.7143282,,,,,,,,,104.6994348,104.7143282,105.1996154,105.1996154,105.2160897,105.499249,105.784233,left,-1,1,1,0.5725449,,,,,,,,P1,1,Man,,2025-09-03_23h46.10.038,StairCase_Experiment,,2025.1.1,59.71832064,2025-09-03 23h46.15.363747 +0530
98,0.5,1,105.8000727,,,,,,,,,105.7846025,105.8000727,106.299297,106.299297,106.299297,106.5998664,106.7676102,left,-1,1,1,0.4638895,,,,,,,,P1,1,Man,,2025-09-03_23h46.10.038,StairCase_Experiment,,2025.1.1,59.71832064,2025-09-03 23h46.15.363747 +0530
99,0.5,1,106.7834074,,,,,,,,,106.7679318,106.7834074,107.2825374,107.2825374,107.2825374,107.5830657,107.6845617,right,1,0,0,0.397692,,,,,,,,P1,1,Man,,2025-09-03_23h46.10.038,StairCase_Experiment,,2025.1.1,59.71832064,2025-09-03 23h46.15.363747 +0530
100,0.5,1,107.6996286,,,,,,,,,107.6849124,107.6996286,108.1998186,108.1998186,108.1998186,108.5001966,108.5173163,left,-1,1,1,0.3083868,,,,,,,,P1,1,Man,,2025-09-03_23h46.10.038,StairCase_Experiment,,2025.1.1,59.71832064,2025-09-03 23h46.15.363747 +0530
101,0.5,1,108.5333908,,,,,,,,,108.5176997,108.5333908,109.0158076,109.0158076,109.0333337,109.3165834,109.3833977,right,1,0,0,0.3585732,,,,,,,,P1,1,Man,,2025-09-03_23h46.10.038,StairCase_Experiment,,2025.1.1,59.71832064,2025-09-03 23h46.15.363747 +0530
102,0.5,1,109.3995589,,,,,,,,,109.3837468,109.3995589,109.8834586,109.8834586,109.8995993,110.1831258,110.3171264,right,1,0,0,0.4206903,,,,,,,,P1,1,Man,,2025-09-03_23h46.10.038,StairCase_Experiment,,2025.1.1,59.71832064,2025-09-03 23h46.15.363747 +0530
103,0.5,1,110.3332423,,,,,,,,,110.3174466,110.3332423,110.8162112,110.8162112,110.8322024,111.1162269,111.2507015,left,-1,1,1,0.4318179,,,,,,,,P1,1,Man,,2025-09-03_23h46.10.038,StairCase_Experiment,,2025.1.1,59.71832064,2025-09-03 23h46.15.363747 +0530
104,0.5,1,111.2660539,,,,,,,,,111.251113,111.2660539,111.749753,111.749753,111.7655854,112.0495658,112.1834253,right,1,0,0,0.4265604,,,,,,,,P1,1,Man,,2025-09-03_23h46.10.038,StairCase_Experiment,,2025.1.1,59.71832064,2025-09-03 23h46.15.363747 +0530
105,0.5,1,112.199017,,,,,,,,,112.1837608,112.199017,112.6827563,112.6827563,112.6996114,112.9831655,113.0502492,left,-1,1,1,0.3627573,,,,,,,,P1,1,Man,,2025-09-03_23h46.10.038,StairCase_Experiment,,2025.1.1,59.71832064,2025-09-03 23h46.15.363747 +0530
106,0.5,1,113.0667812,,,,,,,,,113.0506451,113.0667812,113.5494916,113.5494916,113.5659448,,113.8004732,left,-1,1,1,0.2412271,,,,,,,,P1,1,Man,,2025-09-03_23h46.10.038,StairCase_Experiment,,2025.1.1,59.71832064,2025-09-03 23h46.15.363747 +0530
107,0.5,1,113.8157384,,,,,,,,,113.8008914,113.8157384,114.2996221,114.2996221,114.3162742,114.5996883,114.5832786,left,-1,1,1,0.2724993,,,,,,,,P1,1,Man,,2025-09-03_23h46.10.038,StairCase_Experiment,,2025.1.1,59.71832064,2025-09-03 23h46.15.363747 +0530
108,0.5,1,114.5996883,,,,,,,,,114.5836424,114.5996883,115.0827311,115.0827311,115.0996468,115.3826516,115.6502137,left,-1,0,0,0.5605149,,,,,,,,P1,1,Man,,2025-09-03_23h46.10.038,StairCase_Experiment,,2025.1.1,59.71832064,2025-09-03 23h46.15.363747 +0530
109,0.5,1,115.6660592,,,,,,,,,115.6505822,115.6660592,116.1495358,116.1495358,116.1661154,116.4502201,116.8337038,left,-1,1,1,0.6753803,,,,,,,,P1,1,Man,,2025-09-03_23h46.10.038,StairCase_Experiment,,2025.1.1,59.71832064,2025-09-03 23h46.15.363747 +0530
110,0.5,1,116.8492822,,,,,,,,,116.8341526,116.8492822,117.3330187,117.3330187,117.3496395,117.6328133,117.8325396,right,1,1,1,0.4895852,,,,,,,,P1,1,Man,,2025-09-03_23h46.10.038,StairCase_Experiment,,2025.1.1,59.71832064,2025-09-03 23h46.15.363747 +0530
111,0.5,1,117.848871,,,,,,,,,117.8329358,117.848871,118.3327206,118.3327206,118.3492778,118.6331022,119.2669169,left,-1,0,0,0.9179092,,,,,,,,P1,1,Man,,2025-09-03_23h46.10.038,StairCase_Experiment,,2025.1.1,59.71832064,2025-09-03 23h46.15.363747 +0530
112,0.5,1,119.2831089,,,,,,,,,119.2673323,119.2831089,119.7661431,119.7661431,119.7830185,120.0658975,122.0169498,left,-1,1,1,2.237192,,,,,,,,P1,1,Man,,2025-09-03_23h46.10.038,StairCase_Experiment,,2025.1.1,59.71832064,2025-09-03 23h46.15.363747 +0530
113,0.5,1,122.0327878,,,,,,,,,122.0172948,122.0327878,122.5327009,122.5327009,122.5327009,122.8328286,123.0355913,right,1,1,1,0.5004387,,,,,,,,P1,1,Man,,2025-09-03_23h46.10.038,StairCase_Experiment,,2025.1.1,59.71832064,2025-09-03 23h46.15.363747 +0530
114,0.5,1,123.0494371,,,,,,,,,123.0359645,123.0494371,123.5475467,123.5475467,123.564187,123.8473845,125.2171665,right,1,1,1,1.6606891,,,,,,,,P1,1,Man,,2025-09-03_23h46.10.038,StairCase_Experiment,,2025.1.1,59.71832064,2025-09-03 23h46.15.363747 +0530
115,0.5,1,125.2328257,,,,,,,,,125.2174898,125.2328257,125.731662,125.731662,125.731662,126.0466795,126.314882,right,1,1,1,0.5813886,,,,,,,,P1,1,Man,,2025-09-03_23h46.10.038,StairCase_Experiment,,2025.1.1,59.71832064,2025-09-03 23h46.15.363747 +0530
116,0.5,1,126.3307909,,,,,,,,,126.3151719,126.3307909,126.8310345,126.8310345,126.8310345,127.1317436,127.631287,right,1,1,1,0.7901482,,,,,,,,P1,1,Man,,2025-09-03_23h46.10.038,StairCase_Experiment,,2025.1.1,59.71832064,2025-09-03 23h46.15.363747 +0530
117,0.5,1,127.6479585,,,,,,,,,127.6315697,127.6479585,128.1319664,128.1319664,128.1472474,128.4308009,129.2323923,left,-1,1,1,1.0836559,,,,,,,,P1,1,Man,,2025-09-03_23h46.10.038,StairCase_Experiment,,2025.1.1,59.71832064,2025-09-03 23h46.15.363747 +0530
118,0.5,1,129.2481787,,,,,,,,,129.2327014,129.2481787,129.7475392,129.7475392,129.763547,130.0480285,130.5476155,right,1,1,1,0.794293,,,,,,,,P1,1,Man,,2025-09-03_23h46.10.038,StairCase_Experiment,,2025.1.1,59.71832064,2025-09-03 23h46.15.363747 +0530
119,0.5,1,130.5638172,,,,,,,,,130.5478228,130.5638172,131.0475658,131.0475658,131.0647516,131.3485883,131.6153811,right,1,1,1,0.5575827,,,,,,,,P1,1,Man,,2025-09-03_23h46.10.038,StairCase_Experiment,,2025.1.1,59.71832064,2025-09-03 23h46.15.363747 +0530
120,0.5,1,131.6315171,,,,,,,,,131.6156509,131.6315171,132.1304007,132.1304007,132.1471139,132.4319088,132.6304717,left,-1,1,1,0.4960912,,,,,,,,P1,1,Man,,2025-09-03_23h46.10.038,StairCase_Experiment,,2025.1.1,59.71832064,2025-09-03 23h46.15.363747 +0530
121,0.5,1,132.6475877,,,,,,,,,132.6306861,132.6475877,133.1303625,133.1303625,133.1471079,133.4315636,133.7170412,right,1,0,0,0.5832784,,,,,,,,P1,1,Man,,2025-09-03_23h46.10.038,StairCase_Experiment,,2025.1.1,59.71832064,2025-09-03 23h46.15.363747 +0530
122,0.5,1,133.7325034,,,,,,,,,133.7173821,133.7325034,134.2157275,134.2157275,134.2323547,134.5154872,134.9825483,left,-1,1,1,0.7561133,,,,,,,,P1,1,Man,,2025-09-03_23h46.10.038,StairCase_Experiment,,2025.1.1,59.71832064,2025-09-03 23h46.15.363747 +0530
123,0.5,1,134.9988381,,,,,,,,,134.982871,134.9988381,135.4823819,135.4823819,135.49813,135.7822521,135.9329253,right,1,1,1,0.4432558,,,,,,,,P1,1,Man,,2025-09-03_23h46.10.038,StairCase_Experiment,,2025.1.1,59.71832064,2025-09-03 23h46.15.363747 +0530
124,0.5,1,135.949318,,,,,,,,,135.9333103,135.949318,136.4494116,136.4494116,136.4494116,136.7490767,137.0496904,left,-1,0,0,0.5900669,,,,,,,,P1,1,Man,,2025-09-03_23h46.10.038,StairCase_Experiment,,2025.1.1,59.71832064,2025-09-03 23h46.15.363747 +0530
125,0.5,1,137.0661898,,,,,,,,,137.0500467,137.0661898,137.5492606,137.5492606,137.5649412,137.849927,138.0331976,left,-1,1,1,0.4722886,,,,,,,,P1,1,Man,,2025-09-03_23h46.10.038,StairCase_Experiment,,2025.1.1,59.71832064,2025-09-03 23h46.15.363747 +0530
126,0.5,1,138.0491577,,,,,,,,,138.0335486,138.0491577,138.5483554,138.5483554,138.5483554,138.8483356,139.0329003,right,1,0,0,0.4759008,,,,,,,,P1,1,Man,,2025-09-03_23h46.10.038,StairCase_Experiment,,2025.1.1,59.71832064,2025-09-03 23h46.15.363747 +0530
127,0.5,1,139.0483589,,,,,,,,,139.0332965,139.0483589,139.5320722,139.5320722,139.5485931,139.8323453,139.9659102,right,1,1,1,0.4186503,,,,,,,,P1,1,Man,,2025-09-03_23h46.10.038,StairCase_Experiment,,2025.1.1,59.71832064,2025-09-03 23h46.15.363747 +0530
128,0.5,1,139.9815122,,,,,,,,,139.966266,139.9815122,140.4658045,140.4658045,140.4824444,140.7654176,140.8661234,left,-1,0,0,0.3868964,,,,,,,,P1,1,Man,,2025-09-03_23h46.10.038,StairCase_Experiment,,2025.1.1,59.71832064,2025-09-03 23h46.15.363747 +0530
129,0.5,1,140.881928,,,,,,,,,140.8664959,140.881928,141.3820635,141.3820635,141.3820635,141.6817136,141.8662097,right,1,1,1,0.4726839,,,,,,,,P1,1,Man,,2025-09-03_23h46.10.038,StairCase_Experiment,,2025.1.1,59.71832064,2025-09-03 23h46.15.363747 +0530
130,0.5,1,141.8816598,,,,,,,,,141.8666272,141.8816598,142.3651049,142.3651049,142.382217,142.6647428,143.2329056,left,-1,1,1,0.8626947,,,,,,,,P1,1,Man,,2025-09-03_23h46.10.038,StairCase_Experiment,,2025.1.1,59.71832064,2025-09-03 23h46.15.363747 +0530
131,0.5,1,143.2489273,,,,,,,,,143.2332569,143.2489273,143.7491168,143.7491168,143.7491168,144.065316,144.3330281,left,-1,1,1,0.5724987,,,,,,,,P1,1,Man,,2025-09-03_23h46.10.038,StairCase_Experiment,,2025.1.1,59.71832064,2025-09-03 23h46.15.363747 +0530
132,0.5,1,144.3481576,,,,,,,,,144.3333566,144.3481576,144.848488,144.848488,144.848488,145.1481609,145.4301577,right,1,1,1,0.5760957,,,,,,,,P1,1,Man,,2025-09-03_23h46.10.038,StairCase_Experiment,,2025.1.1,59.71832064,2025-09-03 23h46.15.363747 +0530
133,0.5,1,145.4479997,,,,,,,,,145.430347,145.4479997,145.9319327,145.9319327,145.9487135,146.2322871,146.3825367,right,1,1,1,0.4398206,,,,,,,,P1,1,Man,,2025-09-03_23h46.10.038,StairCase_Experiment,,2025.1.1,59.71832064,2025-09-03 23h46.15.363747 +0530
134,0.5,1,146.3982634,,,,,,,,,146.3828827,146.3982634,146.8813041,146.8813041,146.8987623,147.1820329,147.3655521,right,1,1,1,0.4771086,,,,,,,,P1,1,Man,,2025-09-03_23h46.10.038,StairCase_Experiment,,2025.1.1,59.71832064,2025-09-03 23h46.15.363747 +0530
135,0.5,1,147.3818683,,,,,,,,,147.3659274,147.3818683,147.8656002,147.8656002,147.881734,148.1650985,148.2493833,right,1,1,1,0.3719146,,,,,,,,P1,1,Man,,2025-09-03_23h46.10.038,StairCase_Experiment,,2025.1.1,59.71832064,2025-09-03 23h46.15.363747 +0530
136,0.5,1,148.2654515,,,,,,,,,148.2498205,148.2654515,148.7652473,148.7652473,148.7652473,149.0657089,149.2157845,left,-1,1,1,0.4349323,,,,,,,,P1,1,Man,,2025-09-03_23h46.10.038,StairCase_Experiment,,2025.1.1,59.71832064,2025-09-03 23h46.15.363747 +0530
137,0.5,1,149.2320043,,,,,,,,,149.2161063,149.2320043,149.714822,149.714822,149.732214,150.0152263,150.465731,left,-1,0,0,0.7454993,,,,,,,,P1,1,Man,,2025-09-03_23h46.10.038,StairCase_Experiment,,2025.1.1,59.71832064,2025-09-03 23h46.15.363747 +0530
138,0.5,1,150.4815522,,,,,,,,,150.4660895,150.4815522,150.9651907,150.9651907,150.9821083,151.265112,151.432312,right,1,1,1,0.4570224,,,,,,,,P1,1,Man,,2025-09-03_23h46.10.038,StairCase_Experiment,,2025.1.1,59.71832064,2025-09-03 23h46.15.363747 +0530
139,0.5,1,151.4480881,,,,,,,,,151.4327148,151.4480881,151.9320525,151.9320525,151.9480048,152.2319856,152.3321788,right,1,1,1,0.3843286,,,,,,,,P1,1,Man,,2025-09-03_23h46.10.038,StairCase_Experiment,,2025.1.1,59.71832064,2025-09-03 23h46.15.363747 +0530
140,0.5,1,152.3484429,,,,,,,,,152.3325056,152.3484429,152.8316735,152.8316735,152.8483909,153.1314705,153.2501364,right,1,1,1,0.4053532,,,,,,,,P1,1,Man,,2025-09-03_23h46.10.038,StairCase_Experiment,,2025.1.1,59.71832064,2025-09-03 23h46.15.363747 +0530
141,0.5,1,153.26546,,,,,,,,,153.2505652,153.26546,153.7652991,153.7652991,153.7819535,154.0652804,154.1657476,right,1,1,1,0.3945359,,,,,,,,P1,1,Man,,2025-09-03_23h46.10.038,StairCase_Experiment,,2025.1.1,59.71832064,2025-09-03 23h46.15.363747 +0530
142,0.5,1,154.1813663,,,,,,,,,154.1661068,154.1813663,154.6650841,154.6650841,154.681672,154.9650237,155.0489466,left,-1,0,0,0.3679863,,,,,,,,P1,1,Man,,2025-09-03_23h46.10.038,StairCase_Experiment,,2025.1.1,59.71832064,2025-09-03 23h46.15.363747 +0530
143,0.5,1,155.0654544,,,,,,,,,155.0493733,155.0654544,155.5483646,155.5483646,155.5644172,155.8485739,156.0656987,left,-1,1,1,0.508094,,,,,,,,P1,1,Man,,2025-09-03_23h46.10.038,StairCase_Experiment,,2025.1.1,59.71832064,2025-09-03 23h46.15.363747 +0530
144,0.5,1,156.0814974,,,,,,,,,156.0660662,156.0814974,156.5816495,156.5816495,156.5816495,156.8820955,157.0983898,right,1,1,1,0.5005346,,,,,,,,P1,1,Man,,2025-09-03_23h46.10.038,StairCase_Experiment,,2025.1.1,59.71832064,2025-09-03 23h46.15.363747 +0530
145,0.5,1,157.1136709,,,,,,,,,157.0988303,157.1136709,157.5986138,157.5986138,157.6145916,157.8984303,158.0661314,right,1,1,1,0.4519437,,,,,,,,P1,1,Man,,2025-09-03_23h46.10.038,StairCase_Experiment,,2025.1.1,59.71832064,2025-09-03 23h46.15.363747 +0530
146,0.5,1,158.0816418,,,,,,,,,158.0665055,158.0816418,158.5650963,158.5650963,158.5813481,158.8649992,158.9821823,right,1,1,1,0.4076633,,,,,,,,P1,1,Man,,2025-09-03_23h46.10.038,StairCase_Experiment,,2025.1.1,59.71832064,2025-09-03 23h46.15.363747 +0530
147,0.5,1,158.9983442,,,,,,,,,158.9825138,158.9983442,159.4816979,159.4816979,159.4983048,159.7820786,159.8826829,right,1,1,1,0.3866968,,,,,,,,P1,1,Man,,2025-09-03_23h46.10.038,StairCase_Experiment,,2025.1.1,59.71832064,2025-09-03 23h46.15.363747 +0530
148,0.5,1,159.8989008,,,,,,,,,159.8830573,159.8989008,160.3816749,160.3816749,160.3983695,160.6818143,160.8324092,right,1,1,1,0.4338899,,,,,,,,P1,1,Man,,2025-09-03_23h46.10.038,StairCase_Experiment,,2025.1.1,59.71832064,2025-09-03 23h46.15.363747 +0530
149,0.5,1,160.8486212,,,,,,,,,160.8328145,160.8486212,161.3476805,161.3476805,161.3476805,161.6476343,161.6677947,right,1,1,1,0.316861,,,,,,,,P1,1,Man,,2025-09-03_23h46.10.038,StairCase_Experiment,,2025.1.1,59.71832064,2025-09-03 23h46.15.363747 +0530
150,0.5,1,161.6810049,,,,,,,,,161.6682903,161.6810049,162.1800683,162.1800683,162.1800683,,162.4470496,right,1,1,1,0.2504358,,,,,,,,P1,1,Man,,2025-09-03_23h46.10.038,StairCase_Experiment,,2025.1.1,59.71832064,2025-09-03 23h46.15.363747 +0530
151,0.5,1,162.4636924,,,,,,,,,162.447485,162.4636924,162.9465224,162.9465224,162.9628564,163.2462093,163.4812948,right,1,1,1,0.5244591,,,,,,,,P1,1,Man,,2025-09-03_23h46.10.038,StairCase_Experiment,,2025.1.1,59.71832064,2025-09-03 23h46.15.363747 +0530
152,0.5,1,163.4959777,,,,,,,,,163.4817068,163.4959777,163.9802826,163.9802826,163.9972825,164.2790344,164.3298568,right,1,1,1,0.3329543,,,,,,,,P1,1,Man,,2025-09-03_23h46.10.038,StairCase_Experiment,,2025.1.1,59.71832064,2025-09-03 23h46.15.363747 +0530
153,0.5,1,164.3464184,,,,,,,,,164.3300527,164.3464184,164.8289815,164.8289815,164.8467975,165.1301057,165.1464661,right,1,1,1,0.3120233,,,,,,,,P1,1,Man,,2025-09-03_23h46.10.038,StairCase_Experiment,,2025.1.1,59.71832064,2025-09-03 23h46.15.363747 +0530
154,0.5,1,165.1635135,,,,,,,,,165.1466372,165.1635135,165.6480067,165.6480067,165.6627412,165.9635894,165.9643364,right,1,1,1,0.3125771,,,,,,,,P1,1,Man,,2025-09-03_23h46.10.038,StairCase_Experiment,,2025.1.1,59.71832064,2025-09-03 23h46.15.363747 +0530
155,0.5,1,165.9797387,,,,,,,,,165.964584,165.9797387,166.479863,166.479863,166.479863,166.7798183,166.8979233,right,1,1,1,0.4173488,,,,,,,,P1,1,Man,,2025-09-03_23h46.10.038,StairCase_Experiment,,2025.1.1,59.71832064,2025-09-03 23h46.15.363747 +0530
156,0.5,1,166.9131064,,,,,,,,,166.898323,166.9131064,167.3987059,167.3987059,167.4146006,167.7133296,167.8647764,left,-1,1,1,0.450386,,,,,,,,P1,1,Man,,2025-09-03_23h46.10.038,StairCase_Experiment,,2025.1.1,59.71832064,2025-09-03 23h46.15.363747 +0530
157,0.5,1,167.8806653,,,,,,,,,167.865062,167.8806653,168.378992,168.378992,168.3964089,168.6800412,168.7813792,right,1,1,1,0.3929785,,,,,,,,P1,1,Man,,2025-09-03_23h46.10.038,StairCase_Experiment,,2025.1.1,59.71832064,2025-09-03 23h46.15.363747 +0530
158,0.5,1,168.7966824,,,,,,,,,168.7817562,168.7966824,169.2971947,169.2971947,169.2971947,169.5975026,169.6992586,right,1,1,1,0.3846506,,,,,,,,P1,1,Man,,2025-09-03_23h46.10.038,StairCase_Experiment,,2025.1.1,59.71832064,2025-09-03 23h46.15.363747 +0530
159,0.5,1,169.7146607,,,,,,,,,169.6995762,169.7146607,170.2147507,170.2147507,170.2147507,170.5142105,170.7657246,right,1,1,1,0.5496415,,,,,,,,P1,1,Man,,2025-09-03_23h46.10.038,StairCase_Experiment,,2025.1.1,59.71832064,2025-09-03 23h46.15.363747 +0530
160,0.5,1,170.7810781,,,,,,,,,170.7660447,170.7810781,171.2817955,171.2817955,171.2817955,171.5811948,171.6650291,left,-1,0,0,0.3714589,,,,,,,,P1,1,Man,,2025-09-03_23h46.10.038,StairCase_Experiment,,2025.1.1,59.71832064,2025-09-03 23h46.15.363747 +0530
161,0.5,1,171.6815697,,,,,,,,,171.6653733,171.6815697,172.1639812,172.1639812,172.1816149,172.4651845,172.848215,left,-1,1,1,0.6780823,,,,,,,,P1,1,Man,,2025-09-03_23h46.10.038,StairCase_Experiment,,2025.1.1,59.71832064,2025-09-03 23h46.15.363747 +0530
162,0.5,1,172.8645747,,,,,,,,,172.8487647,172.8645747,173.3627634,173.3627634,173.3800816,173.6628746,174.2973954,left,-1,1,1,0.9270837,,,,,,,,P1,1,Man,,2025-09-03_23h46.10.038,StairCase_Experiment,,2025.1.1,59.71832064,2025-09-03 23h46.15.363747 +0530
163,0.5,1,174.3126062,,,,,,,,,174.2976331,174.3126062,174.7979174,174.7979174,174.814882,175.0978202,175.3143918,right,1,1,1,0.5055666,,,,,,,,P1,1,Man,,2025-09-03_23h46.10.038,StairCase_Experiment,,2025.1.1,59.71832064,2025-09-03 23h46.15.363747 +0530
164,0.5,1,175.3315448,,,,,,,,,175.314717,175.3315448,175.8139969,175.8139969,175.8312304,176.1142421,176.4983217,left,-1,1,1,0.6685906,,,,,,,,P1,1,Man,,2025-09-03_23h46.10.038,StairCase_Experiment,,2025.1.1,59.71832064,2025-09-03 23h46.15.363747 +0530
165,0.5,1,176.5144818,,,,,,,,,176.4986672,176.5144818,176.9972169,176.9972169,177.0139847,177.3126858,177.6484976,right,1,1,1,0.6408135,,,,,,,,P1,1,Man,,2025-09-03_23h46.10.038,StairCase_Experiment,,2025.1.1,59.71832064,2025-09-03 23h46.15.363747 +0530
166,0.5,1,177.6642776,,,,,,,,,177.6489847,177.6642776,178.1479072,178.1479072,178.1643897,178.4475616,178.7984597,left,-1,1,1,0.6391542,,,,,,,,P1,1,Man,,2025-09-03_23h46.10.038,StairCase_Experiment,,2025.1.1,59.71832064,2025-09-03 23h46.15.363747 +0530
167,0.5,1,178.8142785,,,,,,,,,178.7987863,178.8142785,179.297803,179.297803,179.3138815,179.5979715,179.8144338,left,-1,1,1,0.5029522,,,,,,,,P1,1,Man,,2025-09-03_23h46.10.038,StairCase_Experiment,,2025.1.1,59.71832064,2025-09-03 23h46.15.363747 +0530
168,0.5,1,179.8305165,,,,,,,,,179.8147564,179.8305165,180.3142656,180.3142656,180.3312494,180.61506,180.8154066,left,-1,1,1,0.4859572,,,,,,,,P1,1,Man,,2025-09-03_23h46.10.038,StairCase_Experiment,,2025.1.1,59.71832064,2025-09-03 23h46.15.363747 +0530
169,0.5,1,180.8311373,,,,,,,,,180.8157567,180.8311373,181.3145338,181.3145338,181.3312766,181.6144871,181.8145285,left,-1,1,1,0.4845815,,,,,,,,P1,1,Man,,2025-09-03_23h46.10.038,StairCase_Experiment,,2025.1.1,59.71832064,2025-09-03 23h46.15.363747 +0530
170,0.5,1,181.8309812,,,,,,,,,181.8148903,181.8309812,182.3139875,182.3139875,182.3310591,182.6149435,182.7646214,left,-1,1,1,0.4449136,,,,,,,,P1,1,Man,,2025-09-03_23h46.10.038,StairCase_Experiment,,2025.1.1,59.71832064,2025-09-03 23h46.15.363747 +0530
171,0.5,1,182.7808114,,,,,,,,,182.7649879,182.7808114,183.2646978,183.2646978,183.2811502,183.5645492,183.9315881,right,1,1,1,0.6550788,,,,,,,,P1,1,Man,,2025-09-03_23h46.10.038,StairCase_Experiment,,2025.1.1,59.71832064,2025-09-03 23h46.15.363747 +0530
172,0.5,1,183.9469131,,,,,,,,,183.9319342,183.9469131,184.4308667,184.4308667,184.4476697,184.731487,184.9164559,right,1,1,1,0.4823446,,,,,,,,P1,1,Man,,2025-09-03_23h46.10.038,StairCase_Experiment,,2025.1.1,59.71832064,2025-09-03 23h46.15.363747 +0530
173,0.5,1,184.9304919,,,,,,,,,184.9168008,184.9304919,185.4314114,185.4314114,185.4314114,185.7309683,186.0984473,left,-1,1,1,0.6623597,,,,,,,,P1,1,Man,,2025-09-03_23h46.10.038,StairCase_Experiment,,2025.1.1,59.71832064,2025-09-03 23h46.15.363747 +0530
174,0.5,1,186.1144534,,,,,,,,,186.0987917,186.1144534,186.5974402,186.5974402,186.6138096,186.8980204,187.1317016,left,-1,0,0,0.5288891,,,,,,,,P1,1,Man,,2025-09-03_23h46.10.038,StairCase_Experiment,,2025.1.1,59.71832064,2025-09-03 23h46.15.363747 +0530
175,0.5,1,187.1472932,,,,,,,,,187.1320438,187.1472932,187.6470315,187.6470315,187.6470315,187.9473704,188.081884,left,-1,0,0,0.4218462,,,,,,,,P1,1,Man,,2025-09-03_23h46.10.038,StairCase_Experiment,,2025.1.1,59.71832064,2025-09-03 23h46.15.363747 +0530
176,0.5,1,188.0975302,,,,,,,,,188.0822165,188.0975302,188.5973561,188.5973561,188.5973561,188.8976804,189.0654415,left,-1,0,0,0.4522999,,,,,,,,P1,1,Man,,2025-09-03_23h46.10.038,StairCase_Experiment,,2025.1.1,59.71832064,2025-09-03 23h46.15.363747 +0530
,,,,,,,,,,,,,,,,,,,,,,,,189.0657906,189.0811353,189.0811353,190.0489478,space,0.963555,None,P1,1,Man,,2025-09-03_23h46.10.038,StairCase_Experiment,,2025.1.1,59.71832064,2025-09-03 23h46.15.363747 +0530
